<?xml version="1.0" encoding="UTF-8" ?>
<!-- This is a WordPress eXtended RSS file generated by WordPress as an export of your site. -->
<!-- It contains information about your site's posts, pages, comments, categories, and other content. -->
<!-- You may use this file to transfer that content from one site to another. -->
<!-- This file is not intended to serve as a complete backup of your site. -->

<!-- To import this information into a WordPress site follow these steps: -->
<!-- 1. Log in to that site as an administrator. -->
<!-- 2. Go to Tools: Import in the WordPress admin panel. -->
<!-- 3. Install the "WordPress" importer from the list. -->
<!-- 4. Activate & Run Importer. -->
<!-- 5. Upload this file using the form provided on that page. -->
<!-- 6. You will first be asked to map the authors in this export file to users -->
<!--    on the site. For each author, you may choose to map to an -->
<!--    existing user on the site or to create a new user. -->
<!-- 7. WordPress will then import each of the posts, pages, comments, categories, etc. -->
<!--    contained in this file into your site. -->

	<!-- generator="WordPress/5.9.5" created="2023-03-28 19:10" -->
<rss version="2.0"
	xmlns:excerpt="http://wordpress.org/export/1.2/excerpt/"
	xmlns:content="http://purl.org/rss/1.0/modules/content/"
	xmlns:wfw="http://wellformedweb.org/CommentAPI/"
	xmlns:dc="http://purl.org/dc/elements/1.1/"
	xmlns:wp="http://wordpress.org/export/1.2/"
>

<channel>
	<title>cinétim: le retour</title>
	<link>http://mdupont.dectim.net/pub/wp23/semaine_11/cinetim</link>
	<description>la référence en cinéma</description>
	<pubDate>Tue, 28 Mar 2023 19:10:46 +0000</pubDate>
	<language>fr-CA</language>
	<wp:wxr_version>1.2</wp:wxr_version>
	<wp:base_site_url>http://mdupont.dectim.net/pub/wp23/semaine_11/cinetim</wp:base_site_url>
	<wp:base_blog_url>http://mdupont.dectim.net/pub/wp23/semaine_11/cinetim</wp:base_blog_url>

		<wp:author><wp:author_id>2</wp:author_id><wp:author_login><![CDATA[mathieudupont]]></wp:author_login><wp:author_email><![CDATA[mathieu.dupont@cegepmontpetit.ca]]></wp:author_email><wp:author_display_name><![CDATA[mathieudupont]]></wp:author_display_name><wp:author_first_name><![CDATA[]]></wp:author_first_name><wp:author_last_name><![CDATA[]]></wp:author_last_name></wp:author>

				
	<generator>https://wordpress.org/?v=5.9.5</generator>

		<item>
		<title><![CDATA[Steven Spielberg]]></title>
		<link>http://mdupont.dectim.net/pub/wp23/semaine_11/cinetim/realisateur/steven-spielberg/</link>
		<pubDate>Sun, 19 Apr 2020 19:03:28 +0000</pubDate>
		<dc:creator><![CDATA[mathieudupont]]></dc:creator>
		<guid isPermaLink="false">https://jfleblanc.dectim.ca/cours/cw4/semaine10/ex01/?post_type=realisateur&#038;p=127</guid>
		<description></description>
		<content:encoded><![CDATA[One of the most influential personalities in the history of cinema, Steven Spielberg is Hollywood's best known director and one of the wealthiest filmmakers in the world. He has an extraordinary number of commercially successful and critically acclaimed credits to his name, either as a director, producer or writer since launching the summer blockbuster with <a href="https://www.imdb.com/title/tt0073195?ref_=nmbio_mbio">Jaws</a> (1975), and he has done more to define popular film-making since the mid-1970s than anyone else.]]></content:encoded>
		<excerpt:encoded><![CDATA[]]></excerpt:encoded>
		<wp:post_id>127</wp:post_id>
		<wp:post_date><![CDATA[2020-04-19 19:03:28]]></wp:post_date>
		<wp:post_date_gmt><![CDATA[2020-04-19 19:03:28]]></wp:post_date_gmt>
		<wp:post_modified><![CDATA[2020-04-19 19:03:28]]></wp:post_modified>
		<wp:post_modified_gmt><![CDATA[2020-04-19 19:03:28]]></wp:post_modified_gmt>
		<wp:comment_status><![CDATA[closed]]></wp:comment_status>
		<wp:ping_status><![CDATA[closed]]></wp:ping_status>
		<wp:post_name><![CDATA[steven-spielberg]]></wp:post_name>
		<wp:status><![CDATA[publish]]></wp:status>
		<wp:post_parent>0</wp:post_parent>
		<wp:menu_order>0</wp:menu_order>
		<wp:post_type><![CDATA[realisateur]]></wp:post_type>
		<wp:post_password><![CDATA[]]></wp:post_password>
		<wp:is_sticky>0</wp:is_sticky>
														<wp:postmeta>
		<wp:meta_key><![CDATA[_edit_last]]></wp:meta_key>
		<wp:meta_value><![CDATA[2]]></wp:meta_value>
		</wp:postmeta>
							<wp:postmeta>
		<wp:meta_key><![CDATA[_thumbnail_id]]></wp:meta_key>
		<wp:meta_value><![CDATA[128]]></wp:meta_value>
		</wp:postmeta>
							<wp:postmeta>
		<wp:meta_key><![CDATA[_edit_last]]></wp:meta_key>
		<wp:meta_value><![CDATA[2]]></wp:meta_value>
		</wp:postmeta>
							<wp:postmeta>
		<wp:meta_key><![CDATA[_thumbnail_id]]></wp:meta_key>
		<wp:meta_value><![CDATA[128]]></wp:meta_value>
		</wp:postmeta>
							</item>
					<item>
		<title><![CDATA[Denis Villeneuve]]></title>
		<link>http://mdupont.dectim.net/pub/wp23/semaine_11/cinetim/realisateur/denis-villeneuve/</link>
		<pubDate>Sun, 19 Apr 2020 19:05:37 +0000</pubDate>
		<dc:creator><![CDATA[mathieudupont]]></dc:creator>
		<guid isPermaLink="false">https://jfleblanc.dectim.ca/cours/cw4/semaine10/ex01/?post_type=realisateur&#038;p=129</guid>
		<description></description>
		<content:encoded><![CDATA[Denis Villeneuve is a French Canadian film director and writer. He was born in 1967, in Trois-Rivières, Québec, Canada. He started his career as a filmmaker at the National Film Board of Canada. He is best known for his feature films <a href="https://www.imdb.com/title/tt2543164?ref_=nmbio_mbio">Arrival</a> (2016), <a href="https://www.imdb.com/title/tt3397884?ref_=nmbio_mbio">Sicario</a> (2015), <a href="https://www.imdb.com/title/tt1392214?ref_=nmbio_mbio">Prisoners</a> (2013), <a href="https://www.imdb.com/title/tt2316411?ref_=nmbio_mbio">Enemy</a> (2013), and <a href="https://www.imdb.com/title/tt1255953?ref_=nmbio_mbio">Incendies</a> (2010). He is married to <a href="https://www.imdb.com/name/nm7069070?ref_=nmbio_mbio">Tanya Lapointe</a>.]]></content:encoded>
		<excerpt:encoded><![CDATA[]]></excerpt:encoded>
		<wp:post_id>129</wp:post_id>
		<wp:post_date><![CDATA[2020-04-19 19:05:37]]></wp:post_date>
		<wp:post_date_gmt><![CDATA[2020-04-19 19:05:37]]></wp:post_date_gmt>
		<wp:post_modified><![CDATA[2020-04-19 19:05:37]]></wp:post_modified>
		<wp:post_modified_gmt><![CDATA[2020-04-19 19:05:37]]></wp:post_modified_gmt>
		<wp:comment_status><![CDATA[closed]]></wp:comment_status>
		<wp:ping_status><![CDATA[closed]]></wp:ping_status>
		<wp:post_name><![CDATA[denis-villeneuve]]></wp:post_name>
		<wp:status><![CDATA[publish]]></wp:status>
		<wp:post_parent>0</wp:post_parent>
		<wp:menu_order>0</wp:menu_order>
		<wp:post_type><![CDATA[realisateur]]></wp:post_type>
		<wp:post_password><![CDATA[]]></wp:post_password>
		<wp:is_sticky>0</wp:is_sticky>
														<wp:postmeta>
		<wp:meta_key><![CDATA[_edit_last]]></wp:meta_key>
		<wp:meta_value><![CDATA[2]]></wp:meta_value>
		</wp:postmeta>
							<wp:postmeta>
		<wp:meta_key><![CDATA[_thumbnail_id]]></wp:meta_key>
		<wp:meta_value><![CDATA[130]]></wp:meta_value>
		</wp:postmeta>
							<wp:postmeta>
		<wp:meta_key><![CDATA[_edit_last]]></wp:meta_key>
		<wp:meta_value><![CDATA[2]]></wp:meta_value>
		</wp:postmeta>
							<wp:postmeta>
		<wp:meta_key><![CDATA[_thumbnail_id]]></wp:meta_key>
		<wp:meta_value><![CDATA[130]]></wp:meta_value>
		</wp:postmeta>
							</item>
					<item>
		<title><![CDATA[Christopher Nolan]]></title>
		<link>http://mdupont.dectim.net/pub/wp23/semaine_11/cinetim/realisateur/christopher-nolan/</link>
		<pubDate>Sun, 19 Apr 2020 19:06:38 +0000</pubDate>
		<dc:creator><![CDATA[mathieudupont]]></dc:creator>
		<guid isPermaLink="false">https://jfleblanc.dectim.ca/cours/cw4/semaine10/ex01/?post_type=realisateur&#038;p=131</guid>
		<description></description>
		<content:encoded><![CDATA[Best known for his cerebral, often nonlinear, storytelling, acclaimed writer-director <a href="https://www.imdb.com/name/nm0634240?ref_=nmbio_mbio">Christopher Nolan</a> was born on July 30, 1970, in London, England. Over the course of 15 years of filmmaking, Nolan has gone from low-budget independent films to working on some of the biggest blockbusters ever made.

At 7 years old, Nolan began making short movies with his father's Super-8 camera. While studying English Literature at University College London, he shot 16-millimeter films at U.C.L.'s film society, where he learned the guerrilla techniques he would later use to make his first feature, <a href="https://www.imdb.com/title/tt0154506?ref_=nmbio_mbio">Following</a> (1998), on a budget of around $6,000. The noir thriller was recognized at a number of international film festivals prior to its theatrical release and gained Nolan enough credibility that he was able to gather substantial financing for his next film.]]></content:encoded>
		<excerpt:encoded><![CDATA[]]></excerpt:encoded>
		<wp:post_id>131</wp:post_id>
		<wp:post_date><![CDATA[2020-04-19 19:06:38]]></wp:post_date>
		<wp:post_date_gmt><![CDATA[2020-04-19 19:06:38]]></wp:post_date_gmt>
		<wp:post_modified><![CDATA[2020-04-19 19:06:38]]></wp:post_modified>
		<wp:post_modified_gmt><![CDATA[2020-04-19 19:06:38]]></wp:post_modified_gmt>
		<wp:comment_status><![CDATA[closed]]></wp:comment_status>
		<wp:ping_status><![CDATA[closed]]></wp:ping_status>
		<wp:post_name><![CDATA[christopher-nolan]]></wp:post_name>
		<wp:status><![CDATA[publish]]></wp:status>
		<wp:post_parent>0</wp:post_parent>
		<wp:menu_order>0</wp:menu_order>
		<wp:post_type><![CDATA[realisateur]]></wp:post_type>
		<wp:post_password><![CDATA[]]></wp:post_password>
		<wp:is_sticky>0</wp:is_sticky>
														<wp:postmeta>
		<wp:meta_key><![CDATA[_edit_last]]></wp:meta_key>
		<wp:meta_value><![CDATA[2]]></wp:meta_value>
		</wp:postmeta>
							<wp:postmeta>
		<wp:meta_key><![CDATA[_thumbnail_id]]></wp:meta_key>
		<wp:meta_value><![CDATA[132]]></wp:meta_value>
		</wp:postmeta>
							<wp:postmeta>
		<wp:meta_key><![CDATA[_edit_last]]></wp:meta_key>
		<wp:meta_value><![CDATA[2]]></wp:meta_value>
		</wp:postmeta>
							<wp:postmeta>
		<wp:meta_key><![CDATA[_thumbnail_id]]></wp:meta_key>
		<wp:meta_value><![CDATA[132]]></wp:meta_value>
		</wp:postmeta>
							</item>
					<item>
		<title><![CDATA[George Lucas]]></title>
		<link>http://mdupont.dectim.net/pub/wp23/semaine_11/cinetim/realisateur/george-lucas/</link>
		<pubDate>Sun, 19 Apr 2020 21:35:27 +0000</pubDate>
		<dc:creator><![CDATA[mathieudupont]]></dc:creator>
		<guid isPermaLink="false">https://jfleblanc.dectim.ca/cours/cw4/semaine10/ex01/?post_type=realisateur&#038;p=142</guid>
		<description></description>
		<content:encoded><![CDATA[George Walton Lucas, Jr. was raised on a walnut ranch in Modesto, California. His father was a stationery store owner and he had three siblings. During his late teen years, he went to Thomas Downey High School and was very much interested in drag racing. He planned to become a professional racecar driver. However, a terrible car accident just after his high school graduation ended that dream permanently. The accident changed his views on life.

He decided to attend Modesto Junior College before enrolling in the University of Southern California film school. As a film student, he made several short films including <a href="https://www.imdb.com/title/tt0062331?ref_=nmbio_mbio">Electronic Labyrinth THX 1138 4EB</a> (1967) which won first prize at the 1967-68 National Student Film Festival. In 1967, he was awarded a scholarship by Warner Brothers to observe the making of <a href="https://www.imdb.com/title/tt0062974?ref_=nmbio_mbio">Finian's Rainbow</a> (1968) which was being directed by <a href="https://www.imdb.com/name/nm0000338?ref_=nmbio_mbio">Francis Ford Coppola</a>. Lucas and Coppola became good friends and formed American Zoetrope in 1969. The company's first project was Lucas' full-length version of <a href="https://www.imdb.com/title/tt0066434?ref_=nmbio_mbio">THX 1138</a> (1971). In 1971, Coppola went into production for <a href="https://www.imdb.com/title/tt0068646?ref_=nmbio_mbio">The Godfather</a> (1972), and Lucas formed his own company, Lucasfilm Ltd.]]></content:encoded>
		<excerpt:encoded><![CDATA[]]></excerpt:encoded>
		<wp:post_id>142</wp:post_id>
		<wp:post_date><![CDATA[2020-04-19 21:35:27]]></wp:post_date>
		<wp:post_date_gmt><![CDATA[2020-04-19 21:35:27]]></wp:post_date_gmt>
		<wp:post_modified><![CDATA[2020-04-19 21:35:27]]></wp:post_modified>
		<wp:post_modified_gmt><![CDATA[2020-04-19 21:35:27]]></wp:post_modified_gmt>
		<wp:comment_status><![CDATA[closed]]></wp:comment_status>
		<wp:ping_status><![CDATA[closed]]></wp:ping_status>
		<wp:post_name><![CDATA[george-lucas]]></wp:post_name>
		<wp:status><![CDATA[publish]]></wp:status>
		<wp:post_parent>0</wp:post_parent>
		<wp:menu_order>0</wp:menu_order>
		<wp:post_type><![CDATA[realisateur]]></wp:post_type>
		<wp:post_password><![CDATA[]]></wp:post_password>
		<wp:is_sticky>0</wp:is_sticky>
														<wp:postmeta>
		<wp:meta_key><![CDATA[_edit_last]]></wp:meta_key>
		<wp:meta_value><![CDATA[2]]></wp:meta_value>
		</wp:postmeta>
							<wp:postmeta>
		<wp:meta_key><![CDATA[_thumbnail_id]]></wp:meta_key>
		<wp:meta_value><![CDATA[143]]></wp:meta_value>
		</wp:postmeta>
							<wp:postmeta>
		<wp:meta_key><![CDATA[_edit_last]]></wp:meta_key>
		<wp:meta_value><![CDATA[2]]></wp:meta_value>
		</wp:postmeta>
							<wp:postmeta>
		<wp:meta_key><![CDATA[_thumbnail_id]]></wp:meta_key>
		<wp:meta_value><![CDATA[143]]></wp:meta_value>
		</wp:postmeta>
							</item>
				</channel>
</rss>
	