<?xml version="1.0" encoding="UTF-8" ?>
<!-- This is a WordPress eXtended RSS file generated by WordPress as an export of your site. -->
<!-- It contains information about your site's posts, pages, comments, categories, and other content. -->
<!-- You may use this file to transfer that content from one site to another. -->
<!-- This file is not intended to serve as a complete backup of your site. -->

<!-- To import this information into a WordPress site follow these steps: -->
<!-- 1. Log in to that site as an administrator. -->
<!-- 2. Go to Tools: Import in the WordPress admin panel. -->
<!-- 3. Install the "WordPress" importer from the list. -->
<!-- 4. Activate & Run Importer. -->
<!-- 5. Upload this file using the form provided on that page. -->
<!-- 6. You will first be asked to map the authors in this export file to users -->
<!--    on the site. For each author, you may choose to map to an -->
<!--    existing user on the site or to create a new user. -->
<!-- 7. WordPress will then import each of the posts, pages, comments, categories, etc. -->
<!--    contained in this file into your site. -->

	<!-- generator="WordPress/5.9.5" created="2023-03-28 19:16" -->
<rss version="2.0"
	xmlns:excerpt="http://wordpress.org/export/1.2/excerpt/"
	xmlns:content="http://purl.org/rss/1.0/modules/content/"
	xmlns:wfw="http://wellformedweb.org/CommentAPI/"
	xmlns:dc="http://purl.org/dc/elements/1.1/"
	xmlns:wp="http://wordpress.org/export/1.2/"
>

<channel>
	<title>cinétim: le retour</title>
	<link>http://mdupont.dectim.net/pub/wp23/semaine_11/cinetim</link>
	<description>la référence en cinéma</description>
	<pubDate>Tue, 28 Mar 2023 19:16:35 +0000</pubDate>
	<language>fr-CA</language>
	<wp:wxr_version>1.2</wp:wxr_version>
	<wp:base_site_url>http://mdupont.dectim.net/pub/wp23/semaine_11/cinetim</wp:base_site_url>
	<wp:base_blog_url>http://mdupont.dectim.net/pub/wp23/semaine_11/cinetim</wp:base_blog_url>

		<wp:author><wp:author_id>2</wp:author_id><wp:author_login><![CDATA[mathieudupont]]></wp:author_login><wp:author_email><![CDATA[mathieu.dupont@cegepmontpetit.ca]]></wp:author_email><wp:author_display_name><![CDATA[mathieudupont]]></wp:author_display_name><wp:author_first_name><![CDATA[]]></wp:author_first_name><wp:author_last_name><![CDATA[]]></wp:author_last_name></wp:author>

				
	<generator>https://wordpress.org/?v=5.9.5</generator>

		<item>
		<title><![CDATA[Films à l'affiche]]></title>
		<link>http://mdupont.dectim.net/pub/wp23/semaine_11/cinetim/</link>
		<pubDate>Sun, 05 Apr 2020 14:02:00 +0000</pubDate>
		<dc:creator><![CDATA[mathieudupont]]></dc:creator>
		<guid isPermaLink="false">http://mdupont.dectim.net/pub/wp23/semaine_11/cinetim/?page_id=7</guid>
		<description></description>
		<content:encoded><![CDATA[<!-- wp:paragraph -->
<p>Vous trouverez ci-bas tous les films qui sont présentement à l'affiche dans l'une de nos salles.<br>Bon cinéma!</p>
<!-- /wp:paragraph -->

<!-- wp:paragraph -->
<p></p>
<!-- /wp:paragraph -->]]></content:encoded>
		<excerpt:encoded><![CDATA[]]></excerpt:encoded>
		<wp:post_id>7</wp:post_id>
		<wp:post_date><![CDATA[2020-04-05 14:02:00]]></wp:post_date>
		<wp:post_date_gmt><![CDATA[2020-04-05 14:02:00]]></wp:post_date_gmt>
		<wp:post_modified><![CDATA[2022-04-01 20:11:21]]></wp:post_modified>
		<wp:post_modified_gmt><![CDATA[2022-04-01 20:11:21]]></wp:post_modified_gmt>
		<wp:comment_status><![CDATA[closed]]></wp:comment_status>
		<wp:ping_status><![CDATA[closed]]></wp:ping_status>
		<wp:post_name><![CDATA[accueil]]></wp:post_name>
		<wp:status><![CDATA[publish]]></wp:status>
		<wp:post_parent>0</wp:post_parent>
		<wp:menu_order>0</wp:menu_order>
		<wp:post_type><![CDATA[page]]></wp:post_type>
		<wp:post_password><![CDATA[]]></wp:post_password>
		<wp:is_sticky>0</wp:is_sticky>
														</item>
					<item>
		<title><![CDATA[Horaire des présentations]]></title>
		<link>http://mdupont.dectim.net/pub/wp23/semaine_11/cinetim/horaire-des-presentations/</link>
		<pubDate>Sun, 08 May 2022 18:35:39 +0000</pubDate>
		<dc:creator><![CDATA[mathieudupont]]></dc:creator>
		<guid isPermaLink="false">http://mdupont.dectim.net/pub/wp23/semaine_11/cinetim/?page_id=281</guid>
		<description></description>
		<content:encoded><![CDATA[]]></content:encoded>
		<excerpt:encoded><![CDATA[]]></excerpt:encoded>
		<wp:post_id>281</wp:post_id>
		<wp:post_date><![CDATA[2022-05-08 18:35:39]]></wp:post_date>
		<wp:post_date_gmt><![CDATA[2022-05-08 18:35:39]]></wp:post_date_gmt>
		<wp:post_modified><![CDATA[2022-05-08 18:35:39]]></wp:post_modified>
		<wp:post_modified_gmt><![CDATA[2022-05-08 18:35:39]]></wp:post_modified_gmt>
		<wp:comment_status><![CDATA[closed]]></wp:comment_status>
		<wp:ping_status><![CDATA[closed]]></wp:ping_status>
		<wp:post_name><![CDATA[horaire-des-presentations]]></wp:post_name>
		<wp:status><![CDATA[publish]]></wp:status>
		<wp:post_parent>0</wp:post_parent>
		<wp:menu_order>0</wp:menu_order>
		<wp:post_type><![CDATA[page]]></wp:post_type>
		<wp:post_password><![CDATA[]]></wp:post_password>
		<wp:is_sticky>0</wp:is_sticky>
														<wp:postmeta>
		<wp:meta_key><![CDATA[_wp_page_template]]></wp:meta_key>
		<wp:meta_value><![CDATA[template-horaire.php]]></wp:meta_value>
		</wp:postmeta>
							</item>
				</channel>
</rss>
	