<?xml version="1.0" encoding="UTF-8" ?>
<!-- This is a WordPress eXtended RSS file generated by WordPress as an export of your site. -->
<!-- It contains information about your site's posts, pages, comments, categories, and other content. -->
<!-- You may use this file to transfer that content from one site to another. -->
<!-- This file is not intended to serve as a complete backup of your site. -->

<!-- To import this information into a WordPress site follow these steps: -->
<!-- 1. Log in to that site as an administrator. -->
<!-- 2. Go to Tools: Import in the WordPress admin panel. -->
<!-- 3. Install the "WordPress" importer from the list. -->
<!-- 4. Activate & Run Importer. -->
<!-- 5. Upload this file using the form provided on that page. -->
<!-- 6. You will first be asked to map the authors in this export file to users -->
<!--    on the site. For each author, you may choose to map to an -->
<!--    existing user on the site or to create a new user. -->
<!-- 7. WordPress will then import each of the posts, pages, comments, categories, etc. -->
<!--    contained in this file into your site. -->

	<!-- generator="WordPress/6.2" created="2023-04-11 06:08" -->
<rss version="2.0"
	xmlns:excerpt="http://wordpress.org/export/1.2/excerpt/"
	xmlns:content="http://purl.org/rss/1.0/modules/content/"
	xmlns:wfw="http://wellformedweb.org/CommentAPI/"
	xmlns:dc="http://purl.org/dc/elements/1.1/"
	xmlns:wp="http://wordpress.org/export/1.2/"
>

<channel>
	<title>Cinétim</title>
	<link>http://mdupont.dectim.net/pub/wp23/semaine_9/cinetim_3</link>
	<description>la référence en cinéma</description>
	<pubDate>Tue, 11 Apr 2023 06:08:18 +0000</pubDate>
	<language>fr-CA</language>
	<wp:wxr_version>1.2</wp:wxr_version>
	<wp:base_site_url>http://mdupont.dectim.net/pub/wp23/semaine_9/cinetim_3</wp:base_site_url>
	<wp:base_blog_url>http://mdupont.dectim.net/pub/wp23/semaine_9/cinetim_3</wp:base_blog_url>

		<wp:author><wp:author_id>1</wp:author_id><wp:author_login><![CDATA[mathieu]]></wp:author_login><wp:author_email><![CDATA[mathieu.dupont@cegepmontpetit.ca]]></wp:author_email><wp:author_display_name><![CDATA[mathieu]]></wp:author_display_name><wp:author_first_name><![CDATA[]]></wp:author_first_name><wp:author_last_name><![CDATA[]]></wp:author_last_name></wp:author>

				
	<generator>https://wordpress.org/?v=6.2</generator>

		<item>
		<title><![CDATA[Harrison Ford]]></title>
		<link>http://mdupont.dectim.net/pub/wp23/semaine_9/cinetim_3/acteur/harrison-ford/</link>
		<pubDate>Thu, 16 Apr 2020 19:10:49 +0000</pubDate>
		<dc:creator><![CDATA[mathieu]]></dc:creator>
		<guid isPermaLink="false">http://mdupont.dectim.net/pub/wp23/semaine_11/cinetim/?post_type=acteurs&#038;p=97</guid>
		<description></description>
		<content:encoded><![CDATA[Harrison Ford est née le 13 juillet 1942 à Chicago, Illinois, de Dorothy (Nidelman), une actrice de radio, et Christopher Ford (né John William Ford), un acteur devenu directeur de la publicité. Son père était d'origine irlandaise et allemande, tandis que ses grands-parents maternels étaient des émigrants juifs de Minsk, en Biélorussie. Harrison était un élève terne à Maine Township High School East à Park Ridge Illinois (pas d'étoile athlétique, jamais au-dessus d'une moyenne C). Après avoir abandonné le Ripon College dans le Wisconsin, où il a fait quelques actions d'acteur et plus tard, il a signé un contrat à Hollywood avec Columbia et plus tard Universal. Ses rôles au cinéma et à la télévision (Ironside (1967), The Virginian (1962)) restent secondaires et, découragé, il se tourne vers une carrière en menuiserie professionnelle. Il revient cependant quatre ans plus tard en tant que Bob Falfa dans American Graffiti (1973). Quatre ans après cela, il a atteint un niveau colossal avec le rôle de Han Solo dans Star Wars: Episode IV - Un nouvel espoir (1977). Encore quatre ans et Ford était Indiana Jones dans Raiders of the Lost Ark (1981).

Quatre ans plus tard, il a reçu les nominations aux Oscars et aux Golden Globe pour son rôle de John Book in Witness (1985). Tout ce qu'il a réussi quatre ans après, c'était son troisième succès avec Indiana Jones; en fait, bon nombre de ses premiers rôles à succès ont conduit à des suites, tout comme sa représentation plus récente de Jack Ryan dans Patriot Games (1992). Une autre nomination aux Golden Globe est venue pour le rôle du Dr Richard Kimble dans The Fugitive (1993). Il est clairement une superstar hollywoodienne bien établie. Il possède également un ranch de 800 acres à Jackson Hole, Wyoming.

Source: IMDB]]></content:encoded>
		<excerpt:encoded><![CDATA[]]></excerpt:encoded>
		<wp:post_id>97</wp:post_id>
		<wp:post_date><![CDATA[2020-04-16 19:10:49]]></wp:post_date>
		<wp:post_date_gmt><![CDATA[2020-04-16 19:10:49]]></wp:post_date_gmt>
		<wp:post_modified><![CDATA[2023-04-11 00:35:30]]></wp:post_modified>
		<wp:post_modified_gmt><![CDATA[2023-04-11 04:35:30]]></wp:post_modified_gmt>
		<wp:comment_status><![CDATA[closed]]></wp:comment_status>
		<wp:ping_status><![CDATA[closed]]></wp:ping_status>
		<wp:post_name><![CDATA[harrison-ford]]></wp:post_name>
		<wp:status><![CDATA[publish]]></wp:status>
		<wp:post_parent>0</wp:post_parent>
		<wp:menu_order>0</wp:menu_order>
		<wp:post_type><![CDATA[acteur]]></wp:post_type>
		<wp:post_password><![CDATA[]]></wp:post_password>
		<wp:is_sticky>0</wp:is_sticky>
														<wp:postmeta>
		<wp:meta_key><![CDATA[allo]]></wp:meta_key>
		<wp:meta_value><![CDATA[]]></wp:meta_value>
		</wp:postmeta>
							<wp:postmeta>
		<wp:meta_key><![CDATA[_allo]]></wp:meta_key>
		<wp:meta_value><![CDATA[field_6248e0e4424af]]></wp:meta_value>
		</wp:postmeta>
							<wp:postmeta>
		<wp:meta_key><![CDATA[cw4_acteur_oscar]]></wp:meta_key>
		<wp:meta_value><![CDATA[0]]></wp:meta_value>
		</wp:postmeta>
							<wp:postmeta>
		<wp:meta_key><![CDATA[_cw4_acteur_oscar]]></wp:meta_key>
		<wp:meta_value><![CDATA[field_6423854672e53]]></wp:meta_value>
		</wp:postmeta>
							<wp:postmeta>
		<wp:meta_key><![CDATA[_cw4_acteur_imdb]]></wp:meta_key>
		<wp:meta_value><![CDATA[field_64238461585b0]]></wp:meta_value>
		</wp:postmeta>
							<wp:postmeta>
		<wp:meta_key><![CDATA[cw4_acteur_imdb]]></wp:meta_key>
		<wp:meta_value><![CDATA[https://www.imdb.com/name/nm0000148]]></wp:meta_value>
		</wp:postmeta>
							<wp:postmeta>
		<wp:meta_key><![CDATA[_edit_last]]></wp:meta_key>
		<wp:meta_value><![CDATA[1]]></wp:meta_value>
		</wp:postmeta>
							<wp:postmeta>
		<wp:meta_key><![CDATA[_thumbnail_id]]></wp:meta_key>
		<wp:meta_value><![CDATA[98]]></wp:meta_value>
		</wp:postmeta>
							<wp:postmeta>
		<wp:meta_key><![CDATA[acteur_instagram]]></wp:meta_key>
		<wp:meta_value><![CDATA[https://www.instagram.com/harrisonford_official_page/]]></wp:meta_value>
		</wp:postmeta>
							<wp:postmeta>
		<wp:meta_key><![CDATA[_acteur_naissance]]></wp:meta_key>
		<wp:meta_value><![CDATA[field_5e9c7c0db43c2]]></wp:meta_value>
		</wp:postmeta>
							<wp:postmeta>
		<wp:meta_key><![CDATA[acteur_naissance]]></wp:meta_key>
		<wp:meta_value><![CDATA[20200414]]></wp:meta_value>
		</wp:postmeta>
							<wp:postmeta>
		<wp:meta_key><![CDATA[_acteur_nationalite]]></wp:meta_key>
		<wp:meta_value><![CDATA[field_5e9c7bdfb43c1]]></wp:meta_value>
		</wp:postmeta>
							<wp:postmeta>
		<wp:meta_key><![CDATA[acteur_nationalite]]></wp:meta_key>
		<wp:meta_value><![CDATA[États-Unis]]></wp:meta_value>
		</wp:postmeta>
							<wp:postmeta>
		<wp:meta_key><![CDATA[_acteur_instagram]]></wp:meta_key>
		<wp:meta_value><![CDATA[field_5e9c7c2cb43c3]]></wp:meta_value>
		</wp:postmeta>
							<wp:postmeta>
		<wp:meta_key><![CDATA[acteur_vedette]]></wp:meta_key>
		<wp:meta_value><![CDATA[1]]></wp:meta_value>
		</wp:postmeta>
							<wp:postmeta>
		<wp:meta_key><![CDATA[_acteur_vedette]]></wp:meta_key>
		<wp:meta_value><![CDATA[field_5e8f9de696c64]]></wp:meta_value>
		</wp:postmeta>
							<wp:postmeta>
		<wp:meta_key><![CDATA[acteur_principal]]></wp:meta_key>
		<wp:meta_value><![CDATA[1]]></wp:meta_value>
		</wp:postmeta>
							<wp:postmeta>
		<wp:meta_key><![CDATA[_acteur_principal]]></wp:meta_key>
		<wp:meta_value><![CDATA[field_5e9c7c3eb43c4]]></wp:meta_value>
		</wp:postmeta>
							<wp:postmeta>
		<wp:meta_key><![CDATA[cw4_acteur_nationalite]]></wp:meta_key>
		<wp:meta_value><![CDATA[États-Unis]]></wp:meta_value>
		</wp:postmeta>
							<wp:postmeta>
		<wp:meta_key><![CDATA[_cw4_acteur_nationalite]]></wp:meta_key>
		<wp:meta_value><![CDATA[field_64237a6cc88f2]]></wp:meta_value>
		</wp:postmeta>
							<wp:postmeta>
		<wp:meta_key><![CDATA[cw4_acteur_naissance]]></wp:meta_key>
		<wp:meta_value><![CDATA[19420713]]></wp:meta_value>
		</wp:postmeta>
							<wp:postmeta>
		<wp:meta_key><![CDATA[_cw4_acteur_naissance]]></wp:meta_key>
		<wp:meta_value><![CDATA[field_642383791cb58]]></wp:meta_value>
		</wp:postmeta>
							<wp:postmeta>
		<wp:meta_key><![CDATA[cw4_acteur_instagram]]></wp:meta_key>
		<wp:meta_value><![CDATA[https://www.instagram.com/harrisonford_official_page/]]></wp:meta_value>
		</wp:postmeta>
							<wp:postmeta>
		<wp:meta_key><![CDATA[_cw4_acteur_instagram]]></wp:meta_key>
		<wp:meta_value><![CDATA[field_5e9c7c2cb43c3]]></wp:meta_value>
		</wp:postmeta>
							<wp:postmeta>
		<wp:meta_key><![CDATA[cw4_acteur_vedette]]></wp:meta_key>
		<wp:meta_value><![CDATA[1]]></wp:meta_value>
		</wp:postmeta>
							<wp:postmeta>
		<wp:meta_key><![CDATA[_cw4_acteur_vedette]]></wp:meta_key>
		<wp:meta_value><![CDATA[field_5e9c7c3eb43c4]]></wp:meta_value>
		</wp:postmeta>
							<wp:postmeta>
		<wp:meta_key><![CDATA[cw4_acteur_sociaux_0_type]]></wp:meta_key>
		<wp:meta_value><![CDATA[LinkedIn]]></wp:meta_value>
		</wp:postmeta>
							<wp:postmeta>
		<wp:meta_key><![CDATA[_cw4_acteur_sociaux_0_type]]></wp:meta_key>
		<wp:meta_value><![CDATA[field_6434b0fe740ee]]></wp:meta_value>
		</wp:postmeta>
							<wp:postmeta>
		<wp:meta_key><![CDATA[cw4_acteur_sociaux_0_url]]></wp:meta_key>
		<wp:meta_value><![CDATA[https://mathieudupont.github.io/H22-420-964-EM/]]></wp:meta_value>
		</wp:postmeta>
							<wp:postmeta>
		<wp:meta_key><![CDATA[_cw4_acteur_sociaux_0_url]]></wp:meta_key>
		<wp:meta_value><![CDATA[field_6434b134e8db3]]></wp:meta_value>
		</wp:postmeta>
							<wp:postmeta>
		<wp:meta_key><![CDATA[cw4_acteur_sociaux_1_type]]></wp:meta_key>
		<wp:meta_value><![CDATA[Facebook]]></wp:meta_value>
		</wp:postmeta>
							<wp:postmeta>
		<wp:meta_key><![CDATA[_cw4_acteur_sociaux_1_type]]></wp:meta_key>
		<wp:meta_value><![CDATA[field_6434b0fe740ee]]></wp:meta_value>
		</wp:postmeta>
							<wp:postmeta>
		<wp:meta_key><![CDATA[cw4_acteur_sociaux_1_url]]></wp:meta_key>
		<wp:meta_value><![CDATA[https://mathieudupont.github.io/H22-420-964-EM/]]></wp:meta_value>
		</wp:postmeta>
							<wp:postmeta>
		<wp:meta_key><![CDATA[_cw4_acteur_sociaux_1_url]]></wp:meta_key>
		<wp:meta_value><![CDATA[field_6434b134e8db3]]></wp:meta_value>
		</wp:postmeta>
							<wp:postmeta>
		<wp:meta_key><![CDATA[cw4_acteur_sociaux]]></wp:meta_key>
		<wp:meta_value><![CDATA[2]]></wp:meta_value>
		</wp:postmeta>
							<wp:postmeta>
		<wp:meta_key><![CDATA[_cw4_acteur_sociaux]]></wp:meta_key>
		<wp:meta_value><![CDATA[field_6434b0ca12fb4]]></wp:meta_value>
		</wp:postmeta>
							<wp:postmeta>
		<wp:meta_key><![CDATA[_cw4_acteur_films]]></wp:meta_key>
		<wp:meta_value><![CDATA[field_6434e1d41e794]]></wp:meta_value>
		</wp:postmeta>
							<wp:postmeta>
		<wp:meta_key><![CDATA[cw4_acteur_films]]></wp:meta_key>
		<wp:meta_value><![CDATA[a:2:{i:0;s:2:"22";i:1;s:3:"330";}]]></wp:meta_value>
		</wp:postmeta>
							<wp:postmeta>
		<wp:meta_key><![CDATA[jjjj]]></wp:meta_key>
		<wp:meta_value><![CDATA[]]></wp:meta_value>
		</wp:postmeta>
							<wp:postmeta>
		<wp:meta_key><![CDATA[_jjjj]]></wp:meta_key>
		<wp:meta_value><![CDATA[field_64239b0eba8fd]]></wp:meta_value>
		</wp:postmeta>
							<wp:postmeta>
		<wp:meta_key><![CDATA[cw4_film_acteurs]]></wp:meta_key>
		<wp:meta_value><![CDATA[a:2:{i:0;s:3:"330";i:1;s:2:"22";}]]></wp:meta_value>
		</wp:postmeta>
							<wp:postmeta>
		<wp:meta_key><![CDATA[_cw4_film_acteurs]]></wp:meta_key>
		<wp:meta_value><![CDATA[field_6434e1d41e794]]></wp:meta_value>
		</wp:postmeta>
							</item>
					<item>
		<title><![CDATA[Karen Allen]]></title>
		<link>http://mdupont.dectim.net/pub/wp23/semaine_9/cinetim_3/acteur/karen-allen/</link>
		<pubDate>Sun, 19 Apr 2020 17:25:51 +0000</pubDate>
		<dc:creator><![CDATA[mathieu]]></dc:creator>
		<guid isPermaLink="false">http://mdupont.dectim.net/pub/wp23/semaine_11/cinetim/?post_type=acteur&#038;p=111</guid>
		<description></description>
		<content:encoded><![CDATA[Karen Jane Allen was born in Carrollton, rural southern Illinois, to Patricia (Howell), a teacher, and Carroll Thompson Allen, an FBI agent. She spent her first 10 years traveling around the country with her parents and two sisters. She was always "the new girl in school." Acting did not really cross Allen's mind until she was in her early 20s, when she saw a&nbsp;<a href="https://www.imdb.com/name/nm4056486?ref_=nmbio_mbio">Jerzy Grotowski</a>&nbsp;theater production that impressed her so much, she instantly decided to give it a shot. She trained as a classical actress and enrolled at the Actors Studio and with&nbsp;<a href="https://www.imdb.com/name/nm0833448?ref_=nmbio_mbio">Lee Strasberg</a>&nbsp;in New York City. During this period, she made several student films and directed and acted in several plays. In 1976, she made her first film appearance in the award-winning small film The Whidjitmaker (1976).

Her first major film role came as Katy in 1978's National Lampoon's&nbsp;<a href="https://www.imdb.com/title/tt0077975?ref_=nmbio_mbio">National Lampoon's Animal House</a>&nbsp;(1978), which became one of the biggest hits of the year, obtained "classic" status, and launched a whole host of young "hot" stars. However, shortly after&nbsp;<a href="https://www.imdb.com/title/tt0077975?ref_=nmbio_mbio">National Lampoon's Animal House</a>&nbsp;(1978) opened, Allen was struck by a rare and dangerous eyesight condition called keratoconjunctivitis. Luckily, the condition subsided and Allen could continue her dramatic rise to the top. Lead roles in cult favorites like&nbsp;<a href="https://www.imdb.com/title/tt0080117?ref_=nmbio_mbio">The Wanderers</a>&nbsp;(1979) and the controversial thriller&nbsp;<a href="https://www.imdb.com/title/tt0080569?ref_=nmbio_mbio">Cruising</a>&nbsp;(1980) followed, as did smaller parts as in&nbsp;<a href="https://www.imdb.com/name/nm0000095?ref_=nmbio_mbio">Woody Allen</a>'s&nbsp;<a href="https://www.imdb.com/title/tt0079522?ref_=nmbio_mbio">Manhattan</a>&nbsp;(1979). However, it was her performance in&nbsp;<a href="https://www.imdb.com/name/nm0003418?ref_=nmbio_mbio">Rob Cohen</a>'s&nbsp;<a href="https://www.imdb.com/title/tt0081528?ref_=nmbio_mbio">A Small Circle of Friends</a>&nbsp;(1980), as well as her previously mentioned turn in&nbsp;<a href="https://www.imdb.com/title/tt0077975?ref_=nmbio_mbio">National Lampoon's Animal House</a>&nbsp;(1978), that caught the eye of a certain&nbsp;<a href="https://www.imdb.com/name/nm0000229?ref_=nmbio_mbio">Steven Spielberg</a>. He then cast her as the feisty heroine and co-star of&nbsp;<a href="https://www.imdb.com/name/nm0000148?ref_=nmbio_mbio">Harrison Ford</a>&nbsp;in his big-budget blockbuster&nbsp;<a href="https://www.imdb.com/title/tt0082971?ref_=nmbio_mbio">Raiders of the Lost Ark</a> (1981), which became a huge hit in 1981-82 and is regarded by many film buffs as the greatest action-adventure film ever made.

Source: <a href="https://www.imdb.com/name/nm0000261/bio?ref_=nm_ov_bio_sm">IMDB</a>]]></content:encoded>
		<excerpt:encoded><![CDATA[]]></excerpt:encoded>
		<wp:post_id>111</wp:post_id>
		<wp:post_date><![CDATA[2020-04-19 17:25:51]]></wp:post_date>
		<wp:post_date_gmt><![CDATA[2020-04-19 17:25:51]]></wp:post_date_gmt>
		<wp:post_modified><![CDATA[2023-03-29 09:34:32]]></wp:post_modified>
		<wp:post_modified_gmt><![CDATA[2023-03-29 13:34:32]]></wp:post_modified_gmt>
		<wp:comment_status><![CDATA[closed]]></wp:comment_status>
		<wp:ping_status><![CDATA[closed]]></wp:ping_status>
		<wp:post_name><![CDATA[karen-allen]]></wp:post_name>
		<wp:status><![CDATA[publish]]></wp:status>
		<wp:post_parent>0</wp:post_parent>
		<wp:menu_order>0</wp:menu_order>
		<wp:post_type><![CDATA[acteur]]></wp:post_type>
		<wp:post_password><![CDATA[]]></wp:post_password>
		<wp:is_sticky>0</wp:is_sticky>
														<wp:postmeta>
		<wp:meta_key><![CDATA[_allo]]></wp:meta_key>
		<wp:meta_value><![CDATA[field_6248e0e4424af]]></wp:meta_value>
		</wp:postmeta>
							<wp:postmeta>
		<wp:meta_key><![CDATA[allo]]></wp:meta_key>
		<wp:meta_value><![CDATA[]]></wp:meta_value>
		</wp:postmeta>
							<wp:postmeta>
		<wp:meta_key><![CDATA[cw4_acteur_vedette]]></wp:meta_key>
		<wp:meta_value><![CDATA[0]]></wp:meta_value>
		</wp:postmeta>
							<wp:postmeta>
		<wp:meta_key><![CDATA[_cw4_acteur_vedette]]></wp:meta_key>
		<wp:meta_value><![CDATA[field_5e9c7c3eb43c4]]></wp:meta_value>
		</wp:postmeta>
							<wp:postmeta>
		<wp:meta_key><![CDATA[_cw4_acteur_instagram]]></wp:meta_key>
		<wp:meta_value><![CDATA[field_5e9c7c2cb43c3]]></wp:meta_value>
		</wp:postmeta>
							<wp:postmeta>
		<wp:meta_key><![CDATA[cw4_acteur_instagram]]></wp:meta_key>
		<wp:meta_value><![CDATA[https://www.instagram.com/karenallenofficial]]></wp:meta_value>
		</wp:postmeta>
							<wp:postmeta>
		<wp:meta_key><![CDATA[_cw4_acteur_naissance]]></wp:meta_key>
		<wp:meta_value><![CDATA[field_642383791cb58]]></wp:meta_value>
		</wp:postmeta>
							<wp:postmeta>
		<wp:meta_key><![CDATA[cw4_acteur_imdb]]></wp:meta_key>
		<wp:meta_value><![CDATA[https://www.imdb.com/name/nm0000261]]></wp:meta_value>
		</wp:postmeta>
							<wp:postmeta>
		<wp:meta_key><![CDATA[_cw4_acteur_imdb]]></wp:meta_key>
		<wp:meta_value><![CDATA[field_64238461585b0]]></wp:meta_value>
		</wp:postmeta>
							<wp:postmeta>
		<wp:meta_key><![CDATA[cw4_acteur_oscar]]></wp:meta_key>
		<wp:meta_value><![CDATA[0]]></wp:meta_value>
		</wp:postmeta>
							<wp:postmeta>
		<wp:meta_key><![CDATA[_cw4_acteur_oscar]]></wp:meta_key>
		<wp:meta_value><![CDATA[field_6423854672e53]]></wp:meta_value>
		</wp:postmeta>
							<wp:postmeta>
		<wp:meta_key><![CDATA[_edit_last]]></wp:meta_key>
		<wp:meta_value><![CDATA[1]]></wp:meta_value>
		</wp:postmeta>
							<wp:postmeta>
		<wp:meta_key><![CDATA[_thumbnail_id]]></wp:meta_key>
		<wp:meta_value><![CDATA[112]]></wp:meta_value>
		</wp:postmeta>
							<wp:postmeta>
		<wp:meta_key><![CDATA[acteur_nationalite]]></wp:meta_key>
		<wp:meta_value><![CDATA[États-Unis]]></wp:meta_value>
		</wp:postmeta>
							<wp:postmeta>
		<wp:meta_key><![CDATA[_acteur_nationalite]]></wp:meta_key>
		<wp:meta_value><![CDATA[field_5e9c7bdfb43c1]]></wp:meta_value>
		</wp:postmeta>
							<wp:postmeta>
		<wp:meta_key><![CDATA[acteur_naissance]]></wp:meta_key>
		<wp:meta_value><![CDATA[19511005]]></wp:meta_value>
		</wp:postmeta>
							<wp:postmeta>
		<wp:meta_key><![CDATA[_acteur_naissance]]></wp:meta_key>
		<wp:meta_value><![CDATA[field_5e9c7c0db43c2]]></wp:meta_value>
		</wp:postmeta>
							<wp:postmeta>
		<wp:meta_key><![CDATA[acteur_instagram]]></wp:meta_key>
		<wp:meta_value><![CDATA[https://www.instagram.com/karenallenofficial/]]></wp:meta_value>
		</wp:postmeta>
							<wp:postmeta>
		<wp:meta_key><![CDATA[_acteur_instagram]]></wp:meta_key>
		<wp:meta_value><![CDATA[field_5e9c7c2cb43c3]]></wp:meta_value>
		</wp:postmeta>
							<wp:postmeta>
		<wp:meta_key><![CDATA[acteur_principal]]></wp:meta_key>
		<wp:meta_value><![CDATA[0]]></wp:meta_value>
		</wp:postmeta>
							<wp:postmeta>
		<wp:meta_key><![CDATA[_acteur_principal]]></wp:meta_key>
		<wp:meta_value><![CDATA[field_5e9c7c3eb43c4]]></wp:meta_value>
		</wp:postmeta>
							<wp:postmeta>
		<wp:meta_key><![CDATA[cw4_acteur_nationalite]]></wp:meta_key>
		<wp:meta_value><![CDATA[États-Unis]]></wp:meta_value>
		</wp:postmeta>
							<wp:postmeta>
		<wp:meta_key><![CDATA[_cw4_acteur_nationalite]]></wp:meta_key>
		<wp:meta_value><![CDATA[field_64237a6cc88f2]]></wp:meta_value>
		</wp:postmeta>
							<wp:postmeta>
		<wp:meta_key><![CDATA[cw4_acteur_naissance]]></wp:meta_key>
		<wp:meta_value><![CDATA[19511005]]></wp:meta_value>
		</wp:postmeta>
							<wp:postmeta>
		<wp:meta_key><![CDATA[cw4_acteur_sociaux_0_type]]></wp:meta_key>
		<wp:meta_value><![CDATA[Instagram]]></wp:meta_value>
		</wp:postmeta>
							<wp:postmeta>
		<wp:meta_key><![CDATA[_cw4_acteur_sociaux_0_type]]></wp:meta_key>
		<wp:meta_value><![CDATA[field_626d9e14c8857]]></wp:meta_value>
		</wp:postmeta>
							<wp:postmeta>
		<wp:meta_key><![CDATA[cw4_acteur_sociaux_0_url]]></wp:meta_key>
		<wp:meta_value><![CDATA[https://mathieudupont.github.io/H22-420-964-EM/]]></wp:meta_value>
		</wp:postmeta>
							<wp:postmeta>
		<wp:meta_key><![CDATA[_cw4_acteur_sociaux_0_url]]></wp:meta_key>
		<wp:meta_value><![CDATA[field_626d9eb9c8858]]></wp:meta_value>
		</wp:postmeta>
							<wp:postmeta>
		<wp:meta_key><![CDATA[cw4_acteur_sociaux_1_type]]></wp:meta_key>
		<wp:meta_value><![CDATA[Instagram]]></wp:meta_value>
		</wp:postmeta>
							<wp:postmeta>
		<wp:meta_key><![CDATA[_cw4_acteur_sociaux_1_type]]></wp:meta_key>
		<wp:meta_value><![CDATA[field_626d9e14c8857]]></wp:meta_value>
		</wp:postmeta>
							<wp:postmeta>
		<wp:meta_key><![CDATA[cw4_acteur_sociaux_1_url]]></wp:meta_key>
		<wp:meta_value><![CDATA[https://mathieudupont.github.io/H22-420-964-EM/]]></wp:meta_value>
		</wp:postmeta>
							<wp:postmeta>
		<wp:meta_key><![CDATA[_cw4_acteur_sociaux_1_url]]></wp:meta_key>
		<wp:meta_value><![CDATA[field_626d9eb9c8858]]></wp:meta_value>
		</wp:postmeta>
							<wp:postmeta>
		<wp:meta_key><![CDATA[cw4_acteur_sociaux]]></wp:meta_key>
		<wp:meta_value><![CDATA[2]]></wp:meta_value>
		</wp:postmeta>
							<wp:postmeta>
		<wp:meta_key><![CDATA[_cw4_acteur_sociaux]]></wp:meta_key>
		<wp:meta_value><![CDATA[field_626d9da0c8856]]></wp:meta_value>
		</wp:postmeta>
							<wp:postmeta>
		<wp:meta_key><![CDATA[_cw4_acteur_films]]></wp:meta_key>
		<wp:meta_value><![CDATA[field_626dd7acf6d27]]></wp:meta_value>
		</wp:postmeta>
							<wp:postmeta>
		<wp:meta_key><![CDATA[cw4_acteur_films]]></wp:meta_key>
		<wp:meta_value><![CDATA[a:1:{i:0;s:2:"38";}]]></wp:meta_value>
		</wp:postmeta>
							<wp:postmeta>
		<wp:meta_key><![CDATA[jjjj]]></wp:meta_key>
		<wp:meta_value><![CDATA[]]></wp:meta_value>
		</wp:postmeta>
							<wp:postmeta>
		<wp:meta_key><![CDATA[_jjjj]]></wp:meta_key>
		<wp:meta_value><![CDATA[field_64239b0eba8fd]]></wp:meta_value>
		</wp:postmeta>
							</item>
					<item>
		<title><![CDATA[Mark Hamill]]></title>
		<link>http://mdupont.dectim.net/pub/wp23/semaine_9/cinetim_3/acteur/mark-hamill/</link>
		<pubDate>Sun, 19 Apr 2020 18:30:58 +0000</pubDate>
		<dc:creator><![CDATA[mathieu]]></dc:creator>
		<guid isPermaLink="false">http://mdupont.dectim.net/pub/wp23/semaine_11/cinetim/?post_type=acteur&#038;p=113</guid>
		<description></description>
		<content:encoded><![CDATA[Mark Hamill is best known for his portrayal of Luke Skywalker in the original Star Wars trilogy -&nbsp;<a href="https://www.imdb.com/title/tt0076759?ref_=nmbio_mbio">Star Wars: Episode IV - A New Hope</a>&nbsp;(1977),&nbsp;<a href="https://www.imdb.com/title/tt0080684?ref_=nmbio_mbio">Star Wars: Episode V - The Empire Strikes Back</a>&nbsp;(1980), and&nbsp;<a href="https://www.imdb.com/title/tt0086190?ref_=nmbio_mbio">Star Wars: Episode VI - Return of the Jedi</a>&nbsp;(1983) - a role he reprised in&nbsp;<a href="https://www.imdb.com/title/tt2488496?ref_=nmbio_mbio">Star Wars: Episode VII - The Force Awakens</a>&nbsp;(2015) and&nbsp;<a href="https://www.imdb.com/title/tt2527336?ref_=nmbio_mbio">Star Wars: Episode VIII - The Last Jedi</a>&nbsp;(2017). He also starred and co-starred in the films&nbsp;<a href="https://www.imdb.com/title/tt0077372?ref_=nmbio_mbio">Corvette Summer</a>&nbsp;(1978),&nbsp;<a href="https://www.imdb.com/title/tt0080437?ref_=nmbio_mbio">The Big Red One</a>&nbsp;(1980), and&nbsp;<a href="https://www.imdb.com/title/tt2802144?ref_=nmbio_mbio">Kingsman: The Secret Service</a>&nbsp;(2014). Hamill's extensive voice acting work includes a long-standing role as the Joker, commencing with&nbsp;<a href="https://www.imdb.com/title/tt0103359?ref_=nmbio_mbio">Batman: The Animated Series</a>&nbsp;(1992).

Hamill was born in Oakland, California, to Virginia Suzanne (Johnson) and William Thomas Hamill, a captain in the United States Navy. He majored in drama at Los Angeles City College and made his acting debut on&nbsp;<a href="https://www.imdb.com/title/tt0063871?ref_=nmbio_mbio">The Bill Cosby Show</a>&nbsp;(1969). He then played a recurring role (Kent Murray) on the soap opera&nbsp;<a href="https://www.imdb.com/title/tt0056758?ref_=nmbio_mbio">General Hospital</a>&nbsp;(1963) and co-starred on the comedy series&nbsp;<a href="https://www.imdb.com/title/tt0071064?ref_=nmbio_mbio">The Texas Wheelers</a>&nbsp;(1974).

Source: <a href="https://www.imdb.com/name/nm0000434/bio">IMDB</a>]]></content:encoded>
		<excerpt:encoded><![CDATA[]]></excerpt:encoded>
		<wp:post_id>113</wp:post_id>
		<wp:post_date><![CDATA[2020-04-19 18:30:58]]></wp:post_date>
		<wp:post_date_gmt><![CDATA[2020-04-19 18:30:58]]></wp:post_date_gmt>
		<wp:post_modified><![CDATA[2023-04-11 00:35:41]]></wp:post_modified>
		<wp:post_modified_gmt><![CDATA[2023-04-11 04:35:41]]></wp:post_modified_gmt>
		<wp:comment_status><![CDATA[closed]]></wp:comment_status>
		<wp:ping_status><![CDATA[closed]]></wp:ping_status>
		<wp:post_name><![CDATA[mark-hamill]]></wp:post_name>
		<wp:status><![CDATA[publish]]></wp:status>
		<wp:post_parent>0</wp:post_parent>
		<wp:menu_order>0</wp:menu_order>
		<wp:post_type><![CDATA[acteur]]></wp:post_type>
		<wp:post_password><![CDATA[]]></wp:post_password>
		<wp:is_sticky>0</wp:is_sticky>
														<wp:postmeta>
		<wp:meta_key><![CDATA[_cw4_acteur_nationalite]]></wp:meta_key>
		<wp:meta_value><![CDATA[field_64237a6cc88f2]]></wp:meta_value>
		</wp:postmeta>
							<wp:postmeta>
		<wp:meta_key><![CDATA[_cw4_acteur_vedette]]></wp:meta_key>
		<wp:meta_value><![CDATA[field_5e9c7c3eb43c4]]></wp:meta_value>
		</wp:postmeta>
							<wp:postmeta>
		<wp:meta_key><![CDATA[cw4_acteur_vedette]]></wp:meta_key>
		<wp:meta_value><![CDATA[1]]></wp:meta_value>
		</wp:postmeta>
							<wp:postmeta>
		<wp:meta_key><![CDATA[_cw4_acteur_instagram]]></wp:meta_key>
		<wp:meta_value><![CDATA[field_5e9c7c2cb43c3]]></wp:meta_value>
		</wp:postmeta>
							<wp:postmeta>
		<wp:meta_key><![CDATA[cw4_acteur_instagram]]></wp:meta_key>
		<wp:meta_value><![CDATA[https://www.instagram.com/hamillhimself]]></wp:meta_value>
		</wp:postmeta>
							<wp:postmeta>
		<wp:meta_key><![CDATA[_cw4_acteur_naissance]]></wp:meta_key>
		<wp:meta_value><![CDATA[field_642383791cb58]]></wp:meta_value>
		</wp:postmeta>
							<wp:postmeta>
		<wp:meta_key><![CDATA[cw4_acteur_naissance]]></wp:meta_key>
		<wp:meta_value><![CDATA[19510925]]></wp:meta_value>
		</wp:postmeta>
							<wp:postmeta>
		<wp:meta_key><![CDATA[acteur_instagram]]></wp:meta_key>
		<wp:meta_value><![CDATA[https://www.instagram.com/hamillhimself]]></wp:meta_value>
		</wp:postmeta>
							<wp:postmeta>
		<wp:meta_key><![CDATA[_acteur_instagram]]></wp:meta_key>
		<wp:meta_value><![CDATA[field_5e9c7c2cb43c3]]></wp:meta_value>
		</wp:postmeta>
							<wp:postmeta>
		<wp:meta_key><![CDATA[acteur_principal]]></wp:meta_key>
		<wp:meta_value><![CDATA[1]]></wp:meta_value>
		</wp:postmeta>
							<wp:postmeta>
		<wp:meta_key><![CDATA[_acteur_principal]]></wp:meta_key>
		<wp:meta_value><![CDATA[field_5e9c7c3eb43c4]]></wp:meta_value>
		</wp:postmeta>
							<wp:postmeta>
		<wp:meta_key><![CDATA[cw4_acteur_nationalite]]></wp:meta_key>
		<wp:meta_value><![CDATA[États-Unis]]></wp:meta_value>
		</wp:postmeta>
							<wp:postmeta>
		<wp:meta_key><![CDATA[_acteur_nationalite]]></wp:meta_key>
		<wp:meta_value><![CDATA[field_5e9c7bdfb43c1]]></wp:meta_value>
		</wp:postmeta>
							<wp:postmeta>
		<wp:meta_key><![CDATA[_acteur_naissance]]></wp:meta_key>
		<wp:meta_value><![CDATA[field_5e9c7c0db43c2]]></wp:meta_value>
		</wp:postmeta>
							<wp:postmeta>
		<wp:meta_key><![CDATA[acteur_naissance]]></wp:meta_key>
		<wp:meta_value><![CDATA[19510925]]></wp:meta_value>
		</wp:postmeta>
							<wp:postmeta>
		<wp:meta_key><![CDATA[_cw4_acteur_imdb]]></wp:meta_key>
		<wp:meta_value><![CDATA[field_64238461585b0]]></wp:meta_value>
		</wp:postmeta>
							<wp:postmeta>
		<wp:meta_key><![CDATA[cw4_acteur_oscar]]></wp:meta_key>
		<wp:meta_value><![CDATA[0]]></wp:meta_value>
		</wp:postmeta>
							<wp:postmeta>
		<wp:meta_key><![CDATA[_cw4_acteur_oscar]]></wp:meta_key>
		<wp:meta_value><![CDATA[field_6423854672e53]]></wp:meta_value>
		</wp:postmeta>
							<wp:postmeta>
		<wp:meta_key><![CDATA[_edit_last]]></wp:meta_key>
		<wp:meta_value><![CDATA[1]]></wp:meta_value>
		</wp:postmeta>
							<wp:postmeta>
		<wp:meta_key><![CDATA[_thumbnail_id]]></wp:meta_key>
		<wp:meta_value><![CDATA[114]]></wp:meta_value>
		</wp:postmeta>
							<wp:postmeta>
		<wp:meta_key><![CDATA[acteur_nationalite]]></wp:meta_key>
		<wp:meta_value><![CDATA[États-Unis]]></wp:meta_value>
		</wp:postmeta>
							<wp:postmeta>
		<wp:meta_key><![CDATA[cw4_acteur_imdb]]></wp:meta_key>
		<wp:meta_value><![CDATA[https://www.imdb.com/name/nm0000434/]]></wp:meta_value>
		</wp:postmeta>
							<wp:postmeta>
		<wp:meta_key><![CDATA[_allo]]></wp:meta_key>
		<wp:meta_value><![CDATA[field_6248e0e4424af]]></wp:meta_value>
		</wp:postmeta>
							<wp:postmeta>
		<wp:meta_key><![CDATA[allo]]></wp:meta_key>
		<wp:meta_value><![CDATA[]]></wp:meta_value>
		</wp:postmeta>
							<wp:postmeta>
		<wp:meta_key><![CDATA[cw4_acteur_sociaux_0_type]]></wp:meta_key>
		<wp:meta_value><![CDATA[Twitter]]></wp:meta_value>
		</wp:postmeta>
							<wp:postmeta>
		<wp:meta_key><![CDATA[_cw4_acteur_sociaux_0_type]]></wp:meta_key>
		<wp:meta_value><![CDATA[field_6434b0fe740ee]]></wp:meta_value>
		</wp:postmeta>
							<wp:postmeta>
		<wp:meta_key><![CDATA[cw4_acteur_sociaux_0_url]]></wp:meta_key>
		<wp:meta_value><![CDATA[https://mathieudupont.github.io/H22-420-964-EM/]]></wp:meta_value>
		</wp:postmeta>
							<wp:postmeta>
		<wp:meta_key><![CDATA[_cw4_acteur_sociaux_0_url]]></wp:meta_key>
		<wp:meta_value><![CDATA[field_6434b134e8db3]]></wp:meta_value>
		</wp:postmeta>
							<wp:postmeta>
		<wp:meta_key><![CDATA[cw4_acteur_sociaux_1_type]]></wp:meta_key>
		<wp:meta_value><![CDATA[Twitter]]></wp:meta_value>
		</wp:postmeta>
							<wp:postmeta>
		<wp:meta_key><![CDATA[_cw4_acteur_sociaux_1_type]]></wp:meta_key>
		<wp:meta_value><![CDATA[field_6434b0fe740ee]]></wp:meta_value>
		</wp:postmeta>
							<wp:postmeta>
		<wp:meta_key><![CDATA[cw4_acteur_sociaux_1_url]]></wp:meta_key>
		<wp:meta_value><![CDATA[https://mathieudupont.github.io/H22-420-964-EM/]]></wp:meta_value>
		</wp:postmeta>
							<wp:postmeta>
		<wp:meta_key><![CDATA[_cw4_acteur_sociaux_1_url]]></wp:meta_key>
		<wp:meta_value><![CDATA[field_6434b134e8db3]]></wp:meta_value>
		</wp:postmeta>
							<wp:postmeta>
		<wp:meta_key><![CDATA[cw4_acteur_sociaux_2_type]]></wp:meta_key>
		<wp:meta_value><![CDATA[Twitter]]></wp:meta_value>
		</wp:postmeta>
							<wp:postmeta>
		<wp:meta_key><![CDATA[_cw4_acteur_sociaux_2_type]]></wp:meta_key>
		<wp:meta_value><![CDATA[field_6434b0fe740ee]]></wp:meta_value>
		</wp:postmeta>
							<wp:postmeta>
		<wp:meta_key><![CDATA[cw4_acteur_sociaux_2_url]]></wp:meta_key>
		<wp:meta_value><![CDATA[https://mathieudupont.github.io/H22-420-964-EM/]]></wp:meta_value>
		</wp:postmeta>
							<wp:postmeta>
		<wp:meta_key><![CDATA[_cw4_acteur_sociaux_2_url]]></wp:meta_key>
		<wp:meta_value><![CDATA[field_6434b134e8db3]]></wp:meta_value>
		</wp:postmeta>
							<wp:postmeta>
		<wp:meta_key><![CDATA[cw4_acteur_sociaux]]></wp:meta_key>
		<wp:meta_value><![CDATA[3]]></wp:meta_value>
		</wp:postmeta>
							<wp:postmeta>
		<wp:meta_key><![CDATA[_cw4_acteur_sociaux]]></wp:meta_key>
		<wp:meta_value><![CDATA[field_6434b0ca12fb4]]></wp:meta_value>
		</wp:postmeta>
							<wp:postmeta>
		<wp:meta_key><![CDATA[_cw4_acteur_films]]></wp:meta_key>
		<wp:meta_value><![CDATA[field_6434e1d41e794]]></wp:meta_value>
		</wp:postmeta>
							<wp:postmeta>
		<wp:meta_key><![CDATA[cw4_acteur_films]]></wp:meta_key>
		<wp:meta_value><![CDATA[a:1:{i:0;s:2:"22";}]]></wp:meta_value>
		</wp:postmeta>
							<wp:postmeta>
		<wp:meta_key><![CDATA[jjjj]]></wp:meta_key>
		<wp:meta_value><![CDATA[]]></wp:meta_value>
		</wp:postmeta>
							<wp:postmeta>
		<wp:meta_key><![CDATA[_jjjj]]></wp:meta_key>
		<wp:meta_value><![CDATA[field_64239b0eba8fd]]></wp:meta_value>
		</wp:postmeta>
							<wp:postmeta>
		<wp:meta_key><![CDATA[cw4_film_acteurs]]></wp:meta_key>
		<wp:meta_value><![CDATA[a:1:{i:0;s:2:"22";}]]></wp:meta_value>
		</wp:postmeta>
							<wp:postmeta>
		<wp:meta_key><![CDATA[_cw4_film_acteurs]]></wp:meta_key>
		<wp:meta_value><![CDATA[field_6434e1d41e794]]></wp:meta_value>
		</wp:postmeta>
							</item>
					<item>
		<title><![CDATA[Carrie Fisher]]></title>
		<link>http://mdupont.dectim.net/pub/wp23/semaine_9/cinetim_3/acteur/carrie-fisher/</link>
		<pubDate>Sun, 19 Apr 2020 18:33:27 +0000</pubDate>
		<dc:creator><![CDATA[mathieu]]></dc:creator>
		<guid isPermaLink="false">http://mdupont.dectim.net/pub/wp23/semaine_11/cinetim/?post_type=acteur&#038;p=115</guid>
		<description></description>
		<content:encoded><![CDATA[Carrie Frances Fisher was born on October 21, 1956 in Burbank, California, to singers/actors&nbsp;<a href="https://www.imdb.com/name/nm0279472?ref_=nmbio_mbio">Eddie Fisher</a>&nbsp;and&nbsp;<a href="https://www.imdb.com/name/nm0001666?ref_=nmbio_mbio">Debbie Reynolds</a>. She was an actress and writer known for&nbsp;<a href="https://www.imdb.com/title/tt0076759?ref_=nmbio_mbio">Star Wars: Episode IV - A New Hope</a>&nbsp;(1977),&nbsp;<a href="https://www.imdb.com/title/tt0080684?ref_=nmbio_mbio">Star Wars: Episode V - The Empire Strikes Back</a>&nbsp;(1980) and&nbsp;<a href="https://www.imdb.com/title/tt0086190?ref_=nmbio_mbio">Star Wars: Episode VI - Return of the Jedi</a>&nbsp;(1983). Fisher is also known for her book, "Postcards from the Edge", and she wrote the screenplay for the movie based on her novel. Carrie Fisher and talent agent&nbsp;<a href="https://www.imdb.com/name/nm1469561?ref_=nmbio_mbio">Bryan Lourd</a>&nbsp;have a daughter,&nbsp;<a href="https://www.imdb.com/name/nm6609666?ref_=nmbio_mbio">Billie Lourd</a>&nbsp;(Billie Catherine Lourd), born on July 17, 1992.]]></content:encoded>
		<excerpt:encoded><![CDATA[]]></excerpt:encoded>
		<wp:post_id>115</wp:post_id>
		<wp:post_date><![CDATA[2020-04-19 18:33:27]]></wp:post_date>
		<wp:post_date_gmt><![CDATA[2020-04-19 18:33:27]]></wp:post_date_gmt>
		<wp:post_modified><![CDATA[2023-04-11 00:35:49]]></wp:post_modified>
		<wp:post_modified_gmt><![CDATA[2023-04-11 04:35:49]]></wp:post_modified_gmt>
		<wp:comment_status><![CDATA[closed]]></wp:comment_status>
		<wp:ping_status><![CDATA[closed]]></wp:ping_status>
		<wp:post_name><![CDATA[carrie-fisher]]></wp:post_name>
		<wp:status><![CDATA[publish]]></wp:status>
		<wp:post_parent>0</wp:post_parent>
		<wp:menu_order>0</wp:menu_order>
		<wp:post_type><![CDATA[acteur]]></wp:post_type>
		<wp:post_password><![CDATA[]]></wp:post_password>
		<wp:is_sticky>0</wp:is_sticky>
														<wp:postmeta>
		<wp:meta_key><![CDATA[_allo]]></wp:meta_key>
		<wp:meta_value><![CDATA[field_6248e0e4424af]]></wp:meta_value>
		</wp:postmeta>
							<wp:postmeta>
		<wp:meta_key><![CDATA[allo]]></wp:meta_key>
		<wp:meta_value><![CDATA[]]></wp:meta_value>
		</wp:postmeta>
							<wp:postmeta>
		<wp:meta_key><![CDATA[cw4_acteur_nationalite]]></wp:meta_key>
		<wp:meta_value><![CDATA[États-Unis]]></wp:meta_value>
		</wp:postmeta>
							<wp:postmeta>
		<wp:meta_key><![CDATA[_cw4_acteur_nationalite]]></wp:meta_key>
		<wp:meta_value><![CDATA[field_64237a6cc88f2]]></wp:meta_value>
		</wp:postmeta>
							<wp:postmeta>
		<wp:meta_key><![CDATA[_acteur_principal]]></wp:meta_key>
		<wp:meta_value><![CDATA[field_5e9c7c3eb43c4]]></wp:meta_value>
		</wp:postmeta>
							<wp:postmeta>
		<wp:meta_key><![CDATA[acteur_naissance]]></wp:meta_key>
		<wp:meta_value><![CDATA[19561021]]></wp:meta_value>
		</wp:postmeta>
							<wp:postmeta>
		<wp:meta_key><![CDATA[_acteur_naissance]]></wp:meta_key>
		<wp:meta_value><![CDATA[field_5e9c7c0db43c2]]></wp:meta_value>
		</wp:postmeta>
							<wp:postmeta>
		<wp:meta_key><![CDATA[acteur_instagram]]></wp:meta_key>
		<wp:meta_value><![CDATA[https://www.instagram.com/officialcarriefisher/]]></wp:meta_value>
		</wp:postmeta>
							<wp:postmeta>
		<wp:meta_key><![CDATA[_acteur_instagram]]></wp:meta_key>
		<wp:meta_value><![CDATA[field_5e9c7c2cb43c3]]></wp:meta_value>
		</wp:postmeta>
							<wp:postmeta>
		<wp:meta_key><![CDATA[acteur_principal]]></wp:meta_key>
		<wp:meta_value><![CDATA[0]]></wp:meta_value>
		</wp:postmeta>
							<wp:postmeta>
		<wp:meta_key><![CDATA[_acteur_nationalite]]></wp:meta_key>
		<wp:meta_value><![CDATA[field_5e9c7bdfb43c1]]></wp:meta_value>
		</wp:postmeta>
							<wp:postmeta>
		<wp:meta_key><![CDATA[acteur_nationalite]]></wp:meta_key>
		<wp:meta_value><![CDATA[États-Unis]]></wp:meta_value>
		</wp:postmeta>
							<wp:postmeta>
		<wp:meta_key><![CDATA[_thumbnail_id]]></wp:meta_key>
		<wp:meta_value><![CDATA[116]]></wp:meta_value>
		</wp:postmeta>
							<wp:postmeta>
		<wp:meta_key><![CDATA[_edit_last]]></wp:meta_key>
		<wp:meta_value><![CDATA[1]]></wp:meta_value>
		</wp:postmeta>
							<wp:postmeta>
		<wp:meta_key><![CDATA[_cw4_acteur_oscar]]></wp:meta_key>
		<wp:meta_value><![CDATA[field_6423854672e53]]></wp:meta_value>
		</wp:postmeta>
							<wp:postmeta>
		<wp:meta_key><![CDATA[_cw4_acteur_imdb]]></wp:meta_key>
		<wp:meta_value><![CDATA[field_64238461585b0]]></wp:meta_value>
		</wp:postmeta>
							<wp:postmeta>
		<wp:meta_key><![CDATA[cw4_acteur_oscar]]></wp:meta_key>
		<wp:meta_value><![CDATA[0]]></wp:meta_value>
		</wp:postmeta>
							<wp:postmeta>
		<wp:meta_key><![CDATA[cw4_acteur_imdb]]></wp:meta_key>
		<wp:meta_value><![CDATA[https://www.imdb.com/name/nm0000402/]]></wp:meta_value>
		</wp:postmeta>
							<wp:postmeta>
		<wp:meta_key><![CDATA[cw4_acteur_vedette]]></wp:meta_key>
		<wp:meta_value><![CDATA[0]]></wp:meta_value>
		</wp:postmeta>
							<wp:postmeta>
		<wp:meta_key><![CDATA[_cw4_acteur_vedette]]></wp:meta_key>
		<wp:meta_value><![CDATA[field_5e9c7c3eb43c4]]></wp:meta_value>
		</wp:postmeta>
							<wp:postmeta>
		<wp:meta_key><![CDATA[cw4_acteur_instagram]]></wp:meta_key>
		<wp:meta_value><![CDATA[https://www.instagram.com/officialcarriefisher/]]></wp:meta_value>
		</wp:postmeta>
							<wp:postmeta>
		<wp:meta_key><![CDATA[_cw4_acteur_instagram]]></wp:meta_key>
		<wp:meta_value><![CDATA[field_5e9c7c2cb43c3]]></wp:meta_value>
		</wp:postmeta>
							<wp:postmeta>
		<wp:meta_key><![CDATA[_cw4_acteur_naissance]]></wp:meta_key>
		<wp:meta_value><![CDATA[field_642383791cb58]]></wp:meta_value>
		</wp:postmeta>
							<wp:postmeta>
		<wp:meta_key><![CDATA[cw4_acteur_naissance]]></wp:meta_key>
		<wp:meta_value><![CDATA[19561021]]></wp:meta_value>
		</wp:postmeta>
							<wp:postmeta>
		<wp:meta_key><![CDATA[cw4_acteur_sociaux_0_type]]></wp:meta_key>
		<wp:meta_value><![CDATA[LinkedIn]]></wp:meta_value>
		</wp:postmeta>
							<wp:postmeta>
		<wp:meta_key><![CDATA[_cw4_acteur_sociaux_0_type]]></wp:meta_key>
		<wp:meta_value><![CDATA[field_6434b0fe740ee]]></wp:meta_value>
		</wp:postmeta>
							<wp:postmeta>
		<wp:meta_key><![CDATA[cw4_acteur_sociaux_0_url]]></wp:meta_key>
		<wp:meta_value><![CDATA[https://mathieudupont.github.io/H22-420-964-EM/]]></wp:meta_value>
		</wp:postmeta>
							<wp:postmeta>
		<wp:meta_key><![CDATA[_cw4_acteur_sociaux_0_url]]></wp:meta_key>
		<wp:meta_value><![CDATA[field_6434b134e8db3]]></wp:meta_value>
		</wp:postmeta>
							<wp:postmeta>
		<wp:meta_key><![CDATA[cw4_acteur_sociaux]]></wp:meta_key>
		<wp:meta_value><![CDATA[1]]></wp:meta_value>
		</wp:postmeta>
							<wp:postmeta>
		<wp:meta_key><![CDATA[_cw4_acteur_sociaux]]></wp:meta_key>
		<wp:meta_value><![CDATA[field_6434b0ca12fb4]]></wp:meta_value>
		</wp:postmeta>
							<wp:postmeta>
		<wp:meta_key><![CDATA[_cw4_acteur_films]]></wp:meta_key>
		<wp:meta_value><![CDATA[field_6434e1d41e794]]></wp:meta_value>
		</wp:postmeta>
							<wp:postmeta>
		<wp:meta_key><![CDATA[cw4_acteur_films]]></wp:meta_key>
		<wp:meta_value><![CDATA[a:1:{i:0;s:2:"22";}]]></wp:meta_value>
		</wp:postmeta>
							<wp:postmeta>
		<wp:meta_key><![CDATA[cw4_film_acteurs]]></wp:meta_key>
		<wp:meta_value><![CDATA[a:1:{i:0;s:2:"22";}]]></wp:meta_value>
		</wp:postmeta>
							<wp:postmeta>
		<wp:meta_key><![CDATA[_cw4_film_acteurs]]></wp:meta_key>
		<wp:meta_value><![CDATA[field_6434e1d41e794]]></wp:meta_value>
		</wp:postmeta>
							</item>
					<item>
		<title><![CDATA[Amy Adams]]></title>
		<link>http://mdupont.dectim.net/pub/wp23/semaine_9/cinetim_3/acteur/amy-adams/</link>
		<pubDate>Sun, 19 Apr 2020 18:38:55 +0000</pubDate>
		<dc:creator><![CDATA[mathieu]]></dc:creator>
		<guid isPermaLink="false">http://mdupont.dectim.net/pub/wp23/semaine_11/cinetim/?post_type=acteur&#038;p=117</guid>
		<description></description>
		<content:encoded><![CDATA[Amy Lou Adams was born in Vicenza, Veneto, Italy, to American parents, Kathryn (Hicken) and Richard Kent Adams, a U.S. serviceman who was stationed at Caserma Ederle in Italy at the time. She was raised in a Mormon family of seven children in Castle Rock, Colorado, and has English, as well as smaller amounts of Danish, Swiss-German, and Norwegian, ancestry.

Adams sang in the school choir at Douglas County High School and was an apprentice dancer at a local dance company, with the ambition of becoming a ballerina. However, she worked as a greeter at The Gap and as a Hooters hostess to support herself before finding work as a dancer at Boulder's Dinner Theatre and Country Dinner Playhouse in such productions as "Brigadoon" and "A Chorus Line". It was there that she was spotted by a Minneapolis dinner-theater director who asked her to move to Chanhassen, Minnesota for more regional dinner theatre work.

Source: <a href="https://www.imdb.com/name/nm0010736/bio">IMDB</a>]]></content:encoded>
		<excerpt:encoded><![CDATA[]]></excerpt:encoded>
		<wp:post_id>117</wp:post_id>
		<wp:post_date><![CDATA[2020-04-19 18:38:55]]></wp:post_date>
		<wp:post_date_gmt><![CDATA[2020-04-19 18:38:55]]></wp:post_date_gmt>
		<wp:post_modified><![CDATA[2023-04-11 00:35:57]]></wp:post_modified>
		<wp:post_modified_gmt><![CDATA[2023-04-11 04:35:57]]></wp:post_modified_gmt>
		<wp:comment_status><![CDATA[closed]]></wp:comment_status>
		<wp:ping_status><![CDATA[closed]]></wp:ping_status>
		<wp:post_name><![CDATA[amy-adams]]></wp:post_name>
		<wp:status><![CDATA[publish]]></wp:status>
		<wp:post_parent>0</wp:post_parent>
		<wp:menu_order>0</wp:menu_order>
		<wp:post_type><![CDATA[acteur]]></wp:post_type>
		<wp:post_password><![CDATA[]]></wp:post_password>
		<wp:is_sticky>0</wp:is_sticky>
														<wp:postmeta>
		<wp:meta_key><![CDATA[_cw4_acteur_sociaux_1_type]]></wp:meta_key>
		<wp:meta_value><![CDATA[field_6434b0fe740ee]]></wp:meta_value>
		</wp:postmeta>
							<wp:postmeta>
		<wp:meta_key><![CDATA[cw4_acteur_sociaux_0_url]]></wp:meta_key>
		<wp:meta_value><![CDATA[https://mathieudupont.github.io/H22-420-964-EM/]]></wp:meta_value>
		</wp:postmeta>
							<wp:postmeta>
		<wp:meta_key><![CDATA[cw4_acteur_sociaux_1_type]]></wp:meta_key>
		<wp:meta_value><![CDATA[Facebook]]></wp:meta_value>
		</wp:postmeta>
							<wp:postmeta>
		<wp:meta_key><![CDATA[_cw4_acteur_sociaux_0_url]]></wp:meta_key>
		<wp:meta_value><![CDATA[field_6434b134e8db3]]></wp:meta_value>
		</wp:postmeta>
							<wp:postmeta>
		<wp:meta_key><![CDATA[_cw4_acteur_sociaux_0_type]]></wp:meta_key>
		<wp:meta_value><![CDATA[field_6434b0fe740ee]]></wp:meta_value>
		</wp:postmeta>
							<wp:postmeta>
		<wp:meta_key><![CDATA[cw4_acteur_sociaux_0_type]]></wp:meta_key>
		<wp:meta_value><![CDATA[LinkedIn]]></wp:meta_value>
		</wp:postmeta>
							<wp:postmeta>
		<wp:meta_key><![CDATA[cw4_acteur_nationalite]]></wp:meta_key>
		<wp:meta_value><![CDATA[Italie]]></wp:meta_value>
		</wp:postmeta>
							<wp:postmeta>
		<wp:meta_key><![CDATA[_cw4_acteur_nationalite]]></wp:meta_key>
		<wp:meta_value><![CDATA[field_64237a6cc88f2]]></wp:meta_value>
		</wp:postmeta>
							<wp:postmeta>
		<wp:meta_key><![CDATA[cw4_acteur_naissance]]></wp:meta_key>
		<wp:meta_value><![CDATA[19740820]]></wp:meta_value>
		</wp:postmeta>
							<wp:postmeta>
		<wp:meta_key><![CDATA[_cw4_acteur_naissance]]></wp:meta_key>
		<wp:meta_value><![CDATA[field_642383791cb58]]></wp:meta_value>
		</wp:postmeta>
							<wp:postmeta>
		<wp:meta_key><![CDATA[cw4_acteur_instagram]]></wp:meta_key>
		<wp:meta_value><![CDATA[https://www.instagram.com/amyadams/]]></wp:meta_value>
		</wp:postmeta>
							<wp:postmeta>
		<wp:meta_key><![CDATA[_cw4_acteur_instagram]]></wp:meta_key>
		<wp:meta_value><![CDATA[field_5e9c7c2cb43c3]]></wp:meta_value>
		</wp:postmeta>
							<wp:postmeta>
		<wp:meta_key><![CDATA[cw4_acteur_vedette]]></wp:meta_key>
		<wp:meta_value><![CDATA[0]]></wp:meta_value>
		</wp:postmeta>
							<wp:postmeta>
		<wp:meta_key><![CDATA[_cw4_acteur_vedette]]></wp:meta_key>
		<wp:meta_value><![CDATA[field_5e9c7c3eb43c4]]></wp:meta_value>
		</wp:postmeta>
							<wp:postmeta>
		<wp:meta_key><![CDATA[_allo]]></wp:meta_key>
		<wp:meta_value><![CDATA[field_6248e0e4424af]]></wp:meta_value>
		</wp:postmeta>
							<wp:postmeta>
		<wp:meta_key><![CDATA[_cw4_acteur_imdb]]></wp:meta_key>
		<wp:meta_value><![CDATA[field_64238461585b0]]></wp:meta_value>
		</wp:postmeta>
							<wp:postmeta>
		<wp:meta_key><![CDATA[_edit_last]]></wp:meta_key>
		<wp:meta_value><![CDATA[1]]></wp:meta_value>
		</wp:postmeta>
							<wp:postmeta>
		<wp:meta_key><![CDATA[_thumbnail_id]]></wp:meta_key>
		<wp:meta_value><![CDATA[118]]></wp:meta_value>
		</wp:postmeta>
							<wp:postmeta>
		<wp:meta_key><![CDATA[_acteur_instagram]]></wp:meta_key>
		<wp:meta_value><![CDATA[field_5e9c7c2cb43c3]]></wp:meta_value>
		</wp:postmeta>
							<wp:postmeta>
		<wp:meta_key><![CDATA[_acteur_principal]]></wp:meta_key>
		<wp:meta_value><![CDATA[field_5e9c7c3eb43c4]]></wp:meta_value>
		</wp:postmeta>
							<wp:postmeta>
		<wp:meta_key><![CDATA[acteur_principal]]></wp:meta_key>
		<wp:meta_value><![CDATA[0]]></wp:meta_value>
		</wp:postmeta>
							<wp:postmeta>
		<wp:meta_key><![CDATA[acteur_instagram]]></wp:meta_key>
		<wp:meta_value><![CDATA[https://www.instagram.com/amyadams/]]></wp:meta_value>
		</wp:postmeta>
							<wp:postmeta>
		<wp:meta_key><![CDATA[_acteur_naissance]]></wp:meta_key>
		<wp:meta_value><![CDATA[field_5e9c7c0db43c2]]></wp:meta_value>
		</wp:postmeta>
							<wp:postmeta>
		<wp:meta_key><![CDATA[acteur_naissance]]></wp:meta_key>
		<wp:meta_value><![CDATA[19740820]]></wp:meta_value>
		</wp:postmeta>
							<wp:postmeta>
		<wp:meta_key><![CDATA[_acteur_nationalite]]></wp:meta_key>
		<wp:meta_value><![CDATA[field_5e9c7bdfb43c1]]></wp:meta_value>
		</wp:postmeta>
							<wp:postmeta>
		<wp:meta_key><![CDATA[acteur_nationalite]]></wp:meta_key>
		<wp:meta_value><![CDATA[Italie]]></wp:meta_value>
		</wp:postmeta>
							<wp:postmeta>
		<wp:meta_key><![CDATA[cw4_acteur_imdb]]></wp:meta_key>
		<wp:meta_value><![CDATA[https://www.imdb.com/name/nm0010736]]></wp:meta_value>
		</wp:postmeta>
							<wp:postmeta>
		<wp:meta_key><![CDATA[_cw4_acteur_oscar]]></wp:meta_key>
		<wp:meta_value><![CDATA[field_6423854672e53]]></wp:meta_value>
		</wp:postmeta>
							<wp:postmeta>
		<wp:meta_key><![CDATA[cw4_acteur_oscar]]></wp:meta_key>
		<wp:meta_value><![CDATA[0]]></wp:meta_value>
		</wp:postmeta>
							<wp:postmeta>
		<wp:meta_key><![CDATA[allo]]></wp:meta_key>
		<wp:meta_value><![CDATA[]]></wp:meta_value>
		</wp:postmeta>
							<wp:postmeta>
		<wp:meta_key><![CDATA[cw4_acteur_sociaux_1_url]]></wp:meta_key>
		<wp:meta_value><![CDATA[https://mathieudupont.github.io/H22-420-964-EM/]]></wp:meta_value>
		</wp:postmeta>
							<wp:postmeta>
		<wp:meta_key><![CDATA[_cw4_acteur_sociaux_1_url]]></wp:meta_key>
		<wp:meta_value><![CDATA[field_6434b134e8db3]]></wp:meta_value>
		</wp:postmeta>
							<wp:postmeta>
		<wp:meta_key><![CDATA[cw4_acteur_sociaux_2_type]]></wp:meta_key>
		<wp:meta_value><![CDATA[Twitter]]></wp:meta_value>
		</wp:postmeta>
							<wp:postmeta>
		<wp:meta_key><![CDATA[_cw4_acteur_sociaux_2_type]]></wp:meta_key>
		<wp:meta_value><![CDATA[field_6434b0fe740ee]]></wp:meta_value>
		</wp:postmeta>
							<wp:postmeta>
		<wp:meta_key><![CDATA[cw4_acteur_sociaux_2_url]]></wp:meta_key>
		<wp:meta_value><![CDATA[https://mathieudupont.github.io/H22-420-964-EM/]]></wp:meta_value>
		</wp:postmeta>
							<wp:postmeta>
		<wp:meta_key><![CDATA[_cw4_acteur_sociaux_2_url]]></wp:meta_key>
		<wp:meta_value><![CDATA[field_6434b134e8db3]]></wp:meta_value>
		</wp:postmeta>
							<wp:postmeta>
		<wp:meta_key><![CDATA[cw4_acteur_sociaux_3_type]]></wp:meta_key>
		<wp:meta_value><![CDATA[Instagram]]></wp:meta_value>
		</wp:postmeta>
							<wp:postmeta>
		<wp:meta_key><![CDATA[_cw4_acteur_sociaux_3_type]]></wp:meta_key>
		<wp:meta_value><![CDATA[field_6434b0fe740ee]]></wp:meta_value>
		</wp:postmeta>
							<wp:postmeta>
		<wp:meta_key><![CDATA[cw4_acteur_sociaux_3_url]]></wp:meta_key>
		<wp:meta_value><![CDATA[https://mathieudupont.github.io/H22-420-964-EM/]]></wp:meta_value>
		</wp:postmeta>
							<wp:postmeta>
		<wp:meta_key><![CDATA[_cw4_acteur_sociaux_3_url]]></wp:meta_key>
		<wp:meta_value><![CDATA[field_6434b134e8db3]]></wp:meta_value>
		</wp:postmeta>
							<wp:postmeta>
		<wp:meta_key><![CDATA[cw4_acteur_sociaux_4_type]]></wp:meta_key>
		<wp:meta_value><![CDATA[LinkedIn]]></wp:meta_value>
		</wp:postmeta>
							<wp:postmeta>
		<wp:meta_key><![CDATA[_cw4_acteur_sociaux_4_type]]></wp:meta_key>
		<wp:meta_value><![CDATA[field_6434b0fe740ee]]></wp:meta_value>
		</wp:postmeta>
							<wp:postmeta>
		<wp:meta_key><![CDATA[cw4_acteur_sociaux_4_url]]></wp:meta_key>
		<wp:meta_value><![CDATA[https://mathieudupont.github.io/H22-420-964-EM/]]></wp:meta_value>
		</wp:postmeta>
							<wp:postmeta>
		<wp:meta_key><![CDATA[_cw4_acteur_sociaux_4_url]]></wp:meta_key>
		<wp:meta_value><![CDATA[field_6434b134e8db3]]></wp:meta_value>
		</wp:postmeta>
							<wp:postmeta>
		<wp:meta_key><![CDATA[cw4_acteur_sociaux_5_type]]></wp:meta_key>
		<wp:meta_value><![CDATA[Instagram]]></wp:meta_value>
		</wp:postmeta>
							<wp:postmeta>
		<wp:meta_key><![CDATA[_cw4_acteur_sociaux_5_type]]></wp:meta_key>
		<wp:meta_value><![CDATA[field_6434b0fe740ee]]></wp:meta_value>
		</wp:postmeta>
							<wp:postmeta>
		<wp:meta_key><![CDATA[cw4_acteur_sociaux_5_url]]></wp:meta_key>
		<wp:meta_value><![CDATA[https://mathieudupont.github.io/H22-420-964-EM/]]></wp:meta_value>
		</wp:postmeta>
							<wp:postmeta>
		<wp:meta_key><![CDATA[_cw4_acteur_sociaux_5_url]]></wp:meta_key>
		<wp:meta_value><![CDATA[field_6434b134e8db3]]></wp:meta_value>
		</wp:postmeta>
							<wp:postmeta>
		<wp:meta_key><![CDATA[cw4_acteur_sociaux]]></wp:meta_key>
		<wp:meta_value><![CDATA[6]]></wp:meta_value>
		</wp:postmeta>
							<wp:postmeta>
		<wp:meta_key><![CDATA[_cw4_acteur_sociaux]]></wp:meta_key>
		<wp:meta_value><![CDATA[field_6434b0ca12fb4]]></wp:meta_value>
		</wp:postmeta>
							<wp:postmeta>
		<wp:meta_key><![CDATA[_cw4_acteur_films]]></wp:meta_key>
		<wp:meta_value><![CDATA[field_6434e1d41e794]]></wp:meta_value>
		</wp:postmeta>
							<wp:postmeta>
		<wp:meta_key><![CDATA[cw4_acteur_films]]></wp:meta_key>
		<wp:meta_value><![CDATA[a:1:{i:0;s:3:"329";}]]></wp:meta_value>
		</wp:postmeta>
							<wp:postmeta>
		<wp:meta_key><![CDATA[jjjj]]></wp:meta_key>
		<wp:meta_value><![CDATA[]]></wp:meta_value>
		</wp:postmeta>
							<wp:postmeta>
		<wp:meta_key><![CDATA[_jjjj]]></wp:meta_key>
		<wp:meta_value><![CDATA[field_64239b0eba8fd]]></wp:meta_value>
		</wp:postmeta>
							<wp:postmeta>
		<wp:meta_key><![CDATA[cw4_film_acteurs]]></wp:meta_key>
		<wp:meta_value><![CDATA[a:1:{i:0;s:3:"329";}]]></wp:meta_value>
		</wp:postmeta>
							<wp:postmeta>
		<wp:meta_key><![CDATA[_cw4_film_acteurs]]></wp:meta_key>
		<wp:meta_value><![CDATA[field_6434e1d41e794]]></wp:meta_value>
		</wp:postmeta>
							</item>
					<item>
		<title><![CDATA[Forest Whitaker]]></title>
		<link>http://mdupont.dectim.net/pub/wp23/semaine_9/cinetim_3/acteur/forest-whitaker/</link>
		<pubDate>Sun, 19 Apr 2020 18:48:25 +0000</pubDate>
		<dc:creator><![CDATA[mathieu]]></dc:creator>
		<guid isPermaLink="false">http://mdupont.dectim.net/pub/wp23/semaine_11/cinetim/?post_type=acteur&#038;p=119</guid>
		<description></description>
		<content:encoded><![CDATA[Forest Steven Whitaker has packaged a king-size talent into his hulking 6' 2", 220 lb. frame. He won an Academy Award for his performance as Ugandan dictator Idi Amin in the film&nbsp;<a href="https://www.imdb.com/title/tt0455590?ref_=nmbio_mbio">The Last King of Scotland</a>&nbsp;(2006), and has also won a Golden Globe and a BAFTA. He is the fourth African-American male to win an Academy Award for Best Actor, following in the footsteps of&nbsp;<a href="https://www.imdb.com/name/nm0001627?ref_=nmbio_mbio">Sidney Poitier</a>,&nbsp;<a href="https://www.imdb.com/name/nm0000243?ref_=nmbio_mbio">Denzel Washington</a>, and&nbsp;<a href="https://www.imdb.com/name/nm0004937?ref_=nmbio_mbio">Jamie Foxx</a>.

Whitaker was born on July 15, 1961 in Longview, Texas, to Laura Francis (Smith), a special education teacher, and Forest Steven Whitaker, an insurance salesman. His family moved to South Central Los Angeles in 1965. The athletically-inclined Whitaker initially found his way into college via a football scholarship. Later, however, he transferred to USC where he set his concentration on music and earned two more scholarships training as an operatic tenor. This, in turn, led to another scholarship at Berkeley with a renewed focus on acting and the performing stage.

Source: <a href="https://www.imdb.com/name/nm0001845/bio">IMDB</a>]]></content:encoded>
		<excerpt:encoded><![CDATA[]]></excerpt:encoded>
		<wp:post_id>119</wp:post_id>
		<wp:post_date><![CDATA[2020-04-19 18:48:25]]></wp:post_date>
		<wp:post_date_gmt><![CDATA[2020-04-19 18:48:25]]></wp:post_date_gmt>
		<wp:post_modified><![CDATA[2023-04-11 00:36:06]]></wp:post_modified>
		<wp:post_modified_gmt><![CDATA[2023-04-11 04:36:06]]></wp:post_modified_gmt>
		<wp:comment_status><![CDATA[closed]]></wp:comment_status>
		<wp:ping_status><![CDATA[closed]]></wp:ping_status>
		<wp:post_name><![CDATA[forest-whitaker]]></wp:post_name>
		<wp:status><![CDATA[publish]]></wp:status>
		<wp:post_parent>0</wp:post_parent>
		<wp:menu_order>0</wp:menu_order>
		<wp:post_type><![CDATA[acteur]]></wp:post_type>
		<wp:post_password><![CDATA[]]></wp:post_password>
		<wp:is_sticky>0</wp:is_sticky>
														<wp:postmeta>
		<wp:meta_key><![CDATA[_cw4_acteur_sociaux]]></wp:meta_key>
		<wp:meta_value><![CDATA[field_6434b0ca12fb4]]></wp:meta_value>
		</wp:postmeta>
							<wp:postmeta>
		<wp:meta_key><![CDATA[_cw4_acteur_oscar]]></wp:meta_key>
		<wp:meta_value><![CDATA[field_6423854672e53]]></wp:meta_value>
		</wp:postmeta>
							<wp:postmeta>
		<wp:meta_key><![CDATA[cw4_acteur_oscar]]></wp:meta_key>
		<wp:meta_value><![CDATA[1]]></wp:meta_value>
		</wp:postmeta>
							<wp:postmeta>
		<wp:meta_key><![CDATA[_cw4_acteur_imdb]]></wp:meta_key>
		<wp:meta_value><![CDATA[field_64238461585b0]]></wp:meta_value>
		</wp:postmeta>
							<wp:postmeta>
		<wp:meta_key><![CDATA[cw4_acteur_imdb]]></wp:meta_key>
		<wp:meta_value><![CDATA[https://www.imdb.com/name/nm0001845/]]></wp:meta_value>
		</wp:postmeta>
							<wp:postmeta>
		<wp:meta_key><![CDATA[_edit_last]]></wp:meta_key>
		<wp:meta_value><![CDATA[1]]></wp:meta_value>
		</wp:postmeta>
							<wp:postmeta>
		<wp:meta_key><![CDATA[_thumbnail_id]]></wp:meta_key>
		<wp:meta_value><![CDATA[120]]></wp:meta_value>
		</wp:postmeta>
							<wp:postmeta>
		<wp:meta_key><![CDATA[acteur_nationalite]]></wp:meta_key>
		<wp:meta_value><![CDATA[États-Unis]]></wp:meta_value>
		</wp:postmeta>
							<wp:postmeta>
		<wp:meta_key><![CDATA[_acteur_nationalite]]></wp:meta_key>
		<wp:meta_value><![CDATA[field_5e9c7bdfb43c1]]></wp:meta_value>
		</wp:postmeta>
							<wp:postmeta>
		<wp:meta_key><![CDATA[acteur_naissance]]></wp:meta_key>
		<wp:meta_value><![CDATA[19610715]]></wp:meta_value>
		</wp:postmeta>
							<wp:postmeta>
		<wp:meta_key><![CDATA[_acteur_naissance]]></wp:meta_key>
		<wp:meta_value><![CDATA[field_5e9c7c0db43c2]]></wp:meta_value>
		</wp:postmeta>
							<wp:postmeta>
		<wp:meta_key><![CDATA[acteur_instagram]]></wp:meta_key>
		<wp:meta_value><![CDATA[https://www.instagram.com/forestwhitaker/]]></wp:meta_value>
		</wp:postmeta>
							<wp:postmeta>
		<wp:meta_key><![CDATA[_acteur_instagram]]></wp:meta_key>
		<wp:meta_value><![CDATA[field_5e9c7c2cb43c3]]></wp:meta_value>
		</wp:postmeta>
							<wp:postmeta>
		<wp:meta_key><![CDATA[acteur_vedette]]></wp:meta_key>
		<wp:meta_value><![CDATA[0]]></wp:meta_value>
		</wp:postmeta>
							<wp:postmeta>
		<wp:meta_key><![CDATA[_acteur_vedette]]></wp:meta_key>
		<wp:meta_value><![CDATA[field_5e9c7c3eb43c4]]></wp:meta_value>
		</wp:postmeta>
							<wp:postmeta>
		<wp:meta_key><![CDATA[cw4_acteur_nationalite]]></wp:meta_key>
		<wp:meta_value><![CDATA[États-Unis]]></wp:meta_value>
		</wp:postmeta>
							<wp:postmeta>
		<wp:meta_key><![CDATA[_cw4_acteur_nationalite]]></wp:meta_key>
		<wp:meta_value><![CDATA[field_64237a6cc88f2]]></wp:meta_value>
		</wp:postmeta>
							<wp:postmeta>
		<wp:meta_key><![CDATA[cw4_acteur_naissance]]></wp:meta_key>
		<wp:meta_value><![CDATA[19610715]]></wp:meta_value>
		</wp:postmeta>
							<wp:postmeta>
		<wp:meta_key><![CDATA[_cw4_acteur_naissance]]></wp:meta_key>
		<wp:meta_value><![CDATA[field_642383791cb58]]></wp:meta_value>
		</wp:postmeta>
							<wp:postmeta>
		<wp:meta_key><![CDATA[cw4_acteur_instagram]]></wp:meta_key>
		<wp:meta_value><![CDATA[https://www.instagram.com/forestwhitaker/]]></wp:meta_value>
		</wp:postmeta>
							<wp:postmeta>
		<wp:meta_key><![CDATA[_cw4_acteur_instagram]]></wp:meta_key>
		<wp:meta_value><![CDATA[field_5e9c7c2cb43c3]]></wp:meta_value>
		</wp:postmeta>
							<wp:postmeta>
		<wp:meta_key><![CDATA[cw4_acteur_vedette]]></wp:meta_key>
		<wp:meta_value><![CDATA[0]]></wp:meta_value>
		</wp:postmeta>
							<wp:postmeta>
		<wp:meta_key><![CDATA[_cw4_acteur_vedette]]></wp:meta_key>
		<wp:meta_value><![CDATA[field_5e9c7c3eb43c4]]></wp:meta_value>
		</wp:postmeta>
							<wp:postmeta>
		<wp:meta_key><![CDATA[_cw4_acteur_sociaux_0_url]]></wp:meta_key>
		<wp:meta_value><![CDATA[field_6434b134e8db3]]></wp:meta_value>
		</wp:postmeta>
							<wp:postmeta>
		<wp:meta_key><![CDATA[cw4_acteur_sociaux_0_type]]></wp:meta_key>
		<wp:meta_value><![CDATA[Twitter]]></wp:meta_value>
		</wp:postmeta>
							<wp:postmeta>
		<wp:meta_key><![CDATA[_cw4_acteur_sociaux_0_type]]></wp:meta_key>
		<wp:meta_value><![CDATA[field_6434b0fe740ee]]></wp:meta_value>
		</wp:postmeta>
							<wp:postmeta>
		<wp:meta_key><![CDATA[cw4_acteur_sociaux_0_url]]></wp:meta_key>
		<wp:meta_value><![CDATA[https://mathieudupont.github.io/H22-420-964-EM/]]></wp:meta_value>
		</wp:postmeta>
							<wp:postmeta>
		<wp:meta_key><![CDATA[cw4_acteur_sociaux]]></wp:meta_key>
		<wp:meta_value><![CDATA[1]]></wp:meta_value>
		</wp:postmeta>
							<wp:postmeta>
		<wp:meta_key><![CDATA[_allo]]></wp:meta_key>
		<wp:meta_value><![CDATA[field_6248e0e4424af]]></wp:meta_value>
		</wp:postmeta>
							<wp:postmeta>
		<wp:meta_key><![CDATA[allo]]></wp:meta_key>
		<wp:meta_value><![CDATA[]]></wp:meta_value>
		</wp:postmeta>
							<wp:postmeta>
		<wp:meta_key><![CDATA[cw4_acteur_films]]></wp:meta_key>
		<wp:meta_value><![CDATA[a:1:{i:0;s:3:"329";}]]></wp:meta_value>
		</wp:postmeta>
							<wp:postmeta>
		<wp:meta_key><![CDATA[_cw4_acteur_films]]></wp:meta_key>
		<wp:meta_value><![CDATA[field_6434e1d41e794]]></wp:meta_value>
		</wp:postmeta>
							<wp:postmeta>
		<wp:meta_key><![CDATA[jjjj]]></wp:meta_key>
		<wp:meta_value><![CDATA[]]></wp:meta_value>
		</wp:postmeta>
							<wp:postmeta>
		<wp:meta_key><![CDATA[_jjjj]]></wp:meta_key>
		<wp:meta_value><![CDATA[field_64239b0eba8fd]]></wp:meta_value>
		</wp:postmeta>
							<wp:postmeta>
		<wp:meta_key><![CDATA[cw4_film_acteurs]]></wp:meta_key>
		<wp:meta_value><![CDATA[a:1:{i:0;s:3:"329";}]]></wp:meta_value>
		</wp:postmeta>
							<wp:postmeta>
		<wp:meta_key><![CDATA[_cw4_film_acteurs]]></wp:meta_key>
		<wp:meta_value><![CDATA[field_6434e1d41e794]]></wp:meta_value>
		</wp:postmeta>
							</item>
					<item>
		<title><![CDATA[Leonardo DiCaprio]]></title>
		<link>http://mdupont.dectim.net/pub/wp23/semaine_9/cinetim_3/acteur/leonardo-dicaprio/</link>
		<pubDate>Sun, 19 Apr 2020 18:50:55 +0000</pubDate>
		<dc:creator><![CDATA[mathieu]]></dc:creator>
		<guid isPermaLink="false">http://mdupont.dectim.net/pub/wp23/semaine_11/cinetim/?post_type=acteur&#038;p=121</guid>
		<description></description>
		<content:encoded><![CDATA[Few actors in the world have had a career quite as diverse as Leonardo DiCaprio's. DiCaprio has gone from relatively humble beginnings, as a supporting cast member of the sitcom&nbsp;<a href="https://www.imdb.com/title/tt0088527?ref_=nmbio_mbio">Growing Pains</a>&nbsp;(1985) and low budget horror movies, such as&nbsp;<a href="https://www.imdb.com/title/tt0101627?ref_=nmbio_mbio">Critters 3</a>&nbsp;(1991), to a major teenage heartthrob in the 1990s, as the hunky lead actor in movies such as&nbsp;<a href="https://www.imdb.com/title/tt0117509?ref_=nmbio_mbio">Romeo + Juliet</a>&nbsp;(1996) and&nbsp;<a href="https://www.imdb.com/title/tt0120338?ref_=nmbio_mbio">Titanic</a>&nbsp;(1997), to then become a leading man in Hollywood blockbusters, made by internationally renowned directors such as&nbsp;<a href="https://www.imdb.com/name/nm0000217?ref_=nmbio_mbio">Martin Scorsese</a>&nbsp;and&nbsp;<a href="https://www.imdb.com/name/nm0634240?ref_=nmbio_mbio">Christopher Nolan</a>.

Leonardo Wilhelm DiCaprio was born November 11, 1974 in Los Angeles, California, the only child of&nbsp;<a href="https://www.imdb.com/name/nm2638069?ref_=nmbio_mbio">Irmelin DiCaprio</a>&nbsp;(née Indenbirken) and former comic book artist&nbsp;<a href="https://www.imdb.com/name/nm1096247?ref_=nmbio_mbio">George DiCaprio</a>. His father is of Italian and German descent, and his mother, who is German-born, is of German and Russian ancestry. His middle name, "Wilhelm", was his maternal grandfather's first name. Leonardo's father had achieved minor status as an artist and distributor of cult comic book titles, and was even depicted in several issues of American Splendor, the cult semi-autobiographical comic book series by the late 'Harvey Pekar', a friend of George's. Leonardo's performance skills became obvious to his parents early on, and after signing him up with a talent agent who wanted Leonardo to perform under the stage name "Lenny Williams", DiCaprio began appearing on a number of television commercials and educational programs.

Source: <a href="https://www.imdb.com/name/nm0000138/bio">IMDB</a>]]></content:encoded>
		<excerpt:encoded><![CDATA[]]></excerpt:encoded>
		<wp:post_id>121</wp:post_id>
		<wp:post_date><![CDATA[2020-04-19 18:50:55]]></wp:post_date>
		<wp:post_date_gmt><![CDATA[2020-04-19 18:50:55]]></wp:post_date_gmt>
		<wp:post_modified><![CDATA[2023-03-29 09:33:27]]></wp:post_modified>
		<wp:post_modified_gmt><![CDATA[2023-03-29 13:33:27]]></wp:post_modified_gmt>
		<wp:comment_status><![CDATA[closed]]></wp:comment_status>
		<wp:ping_status><![CDATA[closed]]></wp:ping_status>
		<wp:post_name><![CDATA[leonardo-dicaprio]]></wp:post_name>
		<wp:status><![CDATA[publish]]></wp:status>
		<wp:post_parent>0</wp:post_parent>
		<wp:menu_order>0</wp:menu_order>
		<wp:post_type><![CDATA[acteur]]></wp:post_type>
		<wp:post_password><![CDATA[]]></wp:post_password>
		<wp:is_sticky>0</wp:is_sticky>
														<wp:postmeta>
		<wp:meta_key><![CDATA[_cw4_acteur_nationalite]]></wp:meta_key>
		<wp:meta_value><![CDATA[field_64237a6cc88f2]]></wp:meta_value>
		</wp:postmeta>
							<wp:postmeta>
		<wp:meta_key><![CDATA[cw4_acteur_nationalite]]></wp:meta_key>
		<wp:meta_value><![CDATA[États-Unis]]></wp:meta_value>
		</wp:postmeta>
							<wp:postmeta>
		<wp:meta_key><![CDATA[_cw4_acteur_oscar]]></wp:meta_key>
		<wp:meta_value><![CDATA[field_6423854672e53]]></wp:meta_value>
		</wp:postmeta>
							<wp:postmeta>
		<wp:meta_key><![CDATA[cw4_acteur_imdb]]></wp:meta_key>
		<wp:meta_value><![CDATA[https://www.imdb.com/name/nm0000138]]></wp:meta_value>
		</wp:postmeta>
							<wp:postmeta>
		<wp:meta_key><![CDATA[_cw4_acteur_imdb]]></wp:meta_key>
		<wp:meta_value><![CDATA[field_64238461585b0]]></wp:meta_value>
		</wp:postmeta>
							<wp:postmeta>
		<wp:meta_key><![CDATA[cw4_acteur_oscar]]></wp:meta_key>
		<wp:meta_value><![CDATA[1]]></wp:meta_value>
		</wp:postmeta>
							<wp:postmeta>
		<wp:meta_key><![CDATA[_edit_last]]></wp:meta_key>
		<wp:meta_value><![CDATA[1]]></wp:meta_value>
		</wp:postmeta>
							<wp:postmeta>
		<wp:meta_key><![CDATA[_thumbnail_id]]></wp:meta_key>
		<wp:meta_value><![CDATA[122]]></wp:meta_value>
		</wp:postmeta>
							<wp:postmeta>
		<wp:meta_key><![CDATA[acteur_nationalite]]></wp:meta_key>
		<wp:meta_value><![CDATA[Angleterre]]></wp:meta_value>
		</wp:postmeta>
							<wp:postmeta>
		<wp:meta_key><![CDATA[_acteur_nationalite]]></wp:meta_key>
		<wp:meta_value><![CDATA[field_5e9c7bdfb43c1]]></wp:meta_value>
		</wp:postmeta>
							<wp:postmeta>
		<wp:meta_key><![CDATA[acteur_naissance]]></wp:meta_key>
		<wp:meta_value><![CDATA[19741111]]></wp:meta_value>
		</wp:postmeta>
							<wp:postmeta>
		<wp:meta_key><![CDATA[_acteur_naissance]]></wp:meta_key>
		<wp:meta_value><![CDATA[field_5e9c7c0db43c2]]></wp:meta_value>
		</wp:postmeta>
							<wp:postmeta>
		<wp:meta_key><![CDATA[acteur_instagram]]></wp:meta_key>
		<wp:meta_value><![CDATA[https://www.instagram.com/leonardodicaprio/]]></wp:meta_value>
		</wp:postmeta>
							<wp:postmeta>
		<wp:meta_key><![CDATA[_cw4_acteur_instagram]]></wp:meta_key>
		<wp:meta_value><![CDATA[field_5e9c7c2cb43c3]]></wp:meta_value>
		</wp:postmeta>
							<wp:postmeta>
		<wp:meta_key><![CDATA[cw4_acteur_vedette]]></wp:meta_key>
		<wp:meta_value><![CDATA[1]]></wp:meta_value>
		</wp:postmeta>
							<wp:postmeta>
		<wp:meta_key><![CDATA[_cw4_acteur_vedette]]></wp:meta_key>
		<wp:meta_value><![CDATA[field_5e9c7c3eb43c4]]></wp:meta_value>
		</wp:postmeta>
							<wp:postmeta>
		<wp:meta_key><![CDATA[cw4_acteur_sociaux_0_url]]></wp:meta_key>
		<wp:meta_value><![CDATA[https://mathieudupont.github.io/H22-420-964-EM/]]></wp:meta_value>
		</wp:postmeta>
							<wp:postmeta>
		<wp:meta_key><![CDATA[_cw4_acteur_sociaux]]></wp:meta_key>
		<wp:meta_value><![CDATA[field_626d9da0c8856]]></wp:meta_value>
		</wp:postmeta>
							<wp:postmeta>
		<wp:meta_key><![CDATA[cw4_acteur_sociaux]]></wp:meta_key>
		<wp:meta_value><![CDATA[3]]></wp:meta_value>
		</wp:postmeta>
							<wp:postmeta>
		<wp:meta_key><![CDATA[_cw4_acteur_sociaux_2_url]]></wp:meta_key>
		<wp:meta_value><![CDATA[field_626d9eb9c8858]]></wp:meta_value>
		</wp:postmeta>
							<wp:postmeta>
		<wp:meta_key><![CDATA[_cw4_acteur_sociaux_1_type]]></wp:meta_key>
		<wp:meta_value><![CDATA[field_626d9e14c8857]]></wp:meta_value>
		</wp:postmeta>
							<wp:postmeta>
		<wp:meta_key><![CDATA[cw4_acteur_sociaux_1_type]]></wp:meta_key>
		<wp:meta_value><![CDATA[Instagram]]></wp:meta_value>
		</wp:postmeta>
							<wp:postmeta>
		<wp:meta_key><![CDATA[cw4_acteur_sociaux_2_url]]></wp:meta_key>
		<wp:meta_value><![CDATA[https://mathieudupont.github.io/H22-420-964-EM/]]></wp:meta_value>
		</wp:postmeta>
							<wp:postmeta>
		<wp:meta_key><![CDATA[_cw4_acteur_sociaux_1_url]]></wp:meta_key>
		<wp:meta_value><![CDATA[field_626d9eb9c8858]]></wp:meta_value>
		</wp:postmeta>
							<wp:postmeta>
		<wp:meta_key><![CDATA[cw4_acteur_sociaux_2_type]]></wp:meta_key>
		<wp:meta_value><![CDATA[LinkedIn]]></wp:meta_value>
		</wp:postmeta>
							<wp:postmeta>
		<wp:meta_key><![CDATA[_cw4_acteur_sociaux_2_type]]></wp:meta_key>
		<wp:meta_value><![CDATA[field_626d9e14c8857]]></wp:meta_value>
		</wp:postmeta>
							<wp:postmeta>
		<wp:meta_key><![CDATA[cw4_acteur_sociaux_1_url]]></wp:meta_key>
		<wp:meta_value><![CDATA[https://mathieudupont.github.io/H22-420-964-EM/]]></wp:meta_value>
		</wp:postmeta>
							<wp:postmeta>
		<wp:meta_key><![CDATA[_cw4_acteur_sociaux_0_url]]></wp:meta_key>
		<wp:meta_value><![CDATA[field_626d9eb9c8858]]></wp:meta_value>
		</wp:postmeta>
							<wp:postmeta>
		<wp:meta_key><![CDATA[_cw4_acteur_sociaux_0_type]]></wp:meta_key>
		<wp:meta_value><![CDATA[field_626d9e14c8857]]></wp:meta_value>
		</wp:postmeta>
							<wp:postmeta>
		<wp:meta_key><![CDATA[cw4_acteur_sociaux_0_type]]></wp:meta_key>
		<wp:meta_value><![CDATA[Facebook]]></wp:meta_value>
		</wp:postmeta>
							<wp:postmeta>
		<wp:meta_key><![CDATA[allo]]></wp:meta_key>
		<wp:meta_value><![CDATA[]]></wp:meta_value>
		</wp:postmeta>
							<wp:postmeta>
		<wp:meta_key><![CDATA[_allo]]></wp:meta_key>
		<wp:meta_value><![CDATA[field_6248e0e4424af]]></wp:meta_value>
		</wp:postmeta>
							<wp:postmeta>
		<wp:meta_key><![CDATA[_acteur_instagram]]></wp:meta_key>
		<wp:meta_value><![CDATA[field_5e9c7c2cb43c3]]></wp:meta_value>
		</wp:postmeta>
							<wp:postmeta>
		<wp:meta_key><![CDATA[acteur_vedette]]></wp:meta_key>
		<wp:meta_value><![CDATA[1]]></wp:meta_value>
		</wp:postmeta>
							<wp:postmeta>
		<wp:meta_key><![CDATA[_acteur_vedette]]></wp:meta_key>
		<wp:meta_value><![CDATA[field_5e9c7c3eb43c4]]></wp:meta_value>
		</wp:postmeta>
							<wp:postmeta>
		<wp:meta_key><![CDATA[cw4_acteur_naissance]]></wp:meta_key>
		<wp:meta_value><![CDATA[19741111]]></wp:meta_value>
		</wp:postmeta>
							<wp:postmeta>
		<wp:meta_key><![CDATA[_cw4_acteur_naissance]]></wp:meta_key>
		<wp:meta_value><![CDATA[field_642383791cb58]]></wp:meta_value>
		</wp:postmeta>
							<wp:postmeta>
		<wp:meta_key><![CDATA[cw4_acteur_instagram]]></wp:meta_key>
		<wp:meta_value><![CDATA[https://www.instagram.com/leonardodicaprio]]></wp:meta_value>
		</wp:postmeta>
							<wp:postmeta>
		<wp:meta_key><![CDATA[cw4_acteur_films]]></wp:meta_key>
		<wp:meta_value><![CDATA[a:1:{i:0;s:2:"20";}]]></wp:meta_value>
		</wp:postmeta>
							<wp:postmeta>
		<wp:meta_key><![CDATA[_cw4_acteur_films]]></wp:meta_key>
		<wp:meta_value><![CDATA[field_626dd7acf6d27]]></wp:meta_value>
		</wp:postmeta>
							<wp:postmeta>
		<wp:meta_key><![CDATA[jjjj]]></wp:meta_key>
		<wp:meta_value><![CDATA[]]></wp:meta_value>
		</wp:postmeta>
							<wp:postmeta>
		<wp:meta_key><![CDATA[_jjjj]]></wp:meta_key>
		<wp:meta_value><![CDATA[field_64239b0eba8fd]]></wp:meta_value>
		</wp:postmeta>
							</item>
					<item>
		<title><![CDATA[Tom Hanks]]></title>
		<link>http://mdupont.dectim.net/pub/wp23/semaine_9/cinetim_3/acteur/tom-hanks/</link>
		<pubDate>Sun, 19 Apr 2020 18:52:52 +0000</pubDate>
		<dc:creator><![CDATA[mathieu]]></dc:creator>
		<guid isPermaLink="false">http://mdupont.dectim.net/pub/wp23/semaine_11/cinetim/?post_type=acteur&#038;p=123</guid>
		<description></description>
		<content:encoded><![CDATA[Thomas Jeffrey Hanks was born in Concord, California, to Janet Marylyn (Frager), a hospital worker, and Amos Mefford Hanks, an itinerant cook. His mother's family, originally surnamed "Fraga", was entirely Portuguese, while his father was of mostly English ancestry. Tom grew up in what he has called a "fractured" family. He moved around a great deal after his parents' divorce, living with a succession of step-families. No problems, no alcoholism - just a confused childhood. He has no acting experience in college and credits the fact that he could not get cast in a college play with actually starting his career. He went downtown, and auditioned for a community theater play, was invited by the director of that play to go to Cleveland, and there his acting career started.

<a href="https://www.imdb.com/name/nm0000165?ref_=nmbio_mbio">Ron Howard</a>&nbsp;was working on&nbsp;<a href="https://www.imdb.com/title/tt0088161?ref_=nmbio_mbio">Splash</a>&nbsp;(1984), a fantasy-comedy about a mermaid who falls in love with a business executive. Howard considered Hanks for the role of the main character's wisecracking brother, which eventually went to&nbsp;<a href="https://www.imdb.com/name/nm0001006?ref_=nmbio_mbio">John Candy</a>. Instead, Hanks landed the lead role and the film went on to become a surprise box office success, grossing more than $69 million. After several flops and a moderate success with the comedy&nbsp;<a href="https://www.imdb.com/title/tt0092925?ref_=nmbio_mbio">Dragnet</a>&nbsp;(1987), Hanks' stature in the film industry rose. The broad success with the fantasy-comedy&nbsp;<a href="https://www.imdb.com/title/tt0094737?ref_=nmbio_mbio">Big</a>&nbsp;(1988) established him as a major Hollywood talent, both as a box office draw and within the film industry as an actor. For his performance in the film, Hanks earned his first Academy Award nomination as Best Actor.]]></content:encoded>
		<excerpt:encoded><![CDATA[]]></excerpt:encoded>
		<wp:post_id>123</wp:post_id>
		<wp:post_date><![CDATA[2020-04-19 18:52:52]]></wp:post_date>
		<wp:post_date_gmt><![CDATA[2020-04-19 18:52:52]]></wp:post_date_gmt>
		<wp:post_modified><![CDATA[2023-03-28 21:17:18]]></wp:post_modified>
		<wp:post_modified_gmt><![CDATA[2023-03-29 01:17:18]]></wp:post_modified_gmt>
		<wp:comment_status><![CDATA[closed]]></wp:comment_status>
		<wp:ping_status><![CDATA[closed]]></wp:ping_status>
		<wp:post_name><![CDATA[tom-hanks]]></wp:post_name>
		<wp:status><![CDATA[publish]]></wp:status>
		<wp:post_parent>0</wp:post_parent>
		<wp:menu_order>0</wp:menu_order>
		<wp:post_type><![CDATA[acteur]]></wp:post_type>
		<wp:post_password><![CDATA[]]></wp:post_password>
		<wp:is_sticky>0</wp:is_sticky>
														<wp:postmeta>
		<wp:meta_key><![CDATA[_cw4_acteur_imdb]]></wp:meta_key>
		<wp:meta_value><![CDATA[field_64238461585b0]]></wp:meta_value>
		</wp:postmeta>
							<wp:postmeta>
		<wp:meta_key><![CDATA[cw4_acteur_oscar]]></wp:meta_key>
		<wp:meta_value><![CDATA[1]]></wp:meta_value>
		</wp:postmeta>
							<wp:postmeta>
		<wp:meta_key><![CDATA[_cw4_acteur_oscar]]></wp:meta_key>
		<wp:meta_value><![CDATA[field_6423854672e53]]></wp:meta_value>
		</wp:postmeta>
							<wp:postmeta>
		<wp:meta_key><![CDATA[cw4_acteur_imdb]]></wp:meta_key>
		<wp:meta_value><![CDATA[https://www.imdb.com/name/nm0000158/]]></wp:meta_value>
		</wp:postmeta>
							<wp:postmeta>
		<wp:meta_key><![CDATA[_edit_last]]></wp:meta_key>
		<wp:meta_value><![CDATA[1]]></wp:meta_value>
		</wp:postmeta>
							<wp:postmeta>
		<wp:meta_key><![CDATA[_thumbnail_id]]></wp:meta_key>
		<wp:meta_value><![CDATA[124]]></wp:meta_value>
		</wp:postmeta>
							<wp:postmeta>
		<wp:meta_key><![CDATA[acteur_nationalite]]></wp:meta_key>
		<wp:meta_value><![CDATA[États-Unis]]></wp:meta_value>
		</wp:postmeta>
							<wp:postmeta>
		<wp:meta_key><![CDATA[_acteur_nationalite]]></wp:meta_key>
		<wp:meta_value><![CDATA[field_5e9c7bdfb43c1]]></wp:meta_value>
		</wp:postmeta>
							<wp:postmeta>
		<wp:meta_key><![CDATA[acteur_naissance]]></wp:meta_key>
		<wp:meta_value><![CDATA[19560709]]></wp:meta_value>
		</wp:postmeta>
							<wp:postmeta>
		<wp:meta_key><![CDATA[_acteur_naissance]]></wp:meta_key>
		<wp:meta_value><![CDATA[field_5e9c7c0db43c2]]></wp:meta_value>
		</wp:postmeta>
							<wp:postmeta>
		<wp:meta_key><![CDATA[acteur_instagram]]></wp:meta_key>
		<wp:meta_value><![CDATA[https://www.instagram.com/tomhanks/]]></wp:meta_value>
		</wp:postmeta>
							<wp:postmeta>
		<wp:meta_key><![CDATA[_acteur_instagram]]></wp:meta_key>
		<wp:meta_value><![CDATA[field_5e9c7c2cb43c3]]></wp:meta_value>
		</wp:postmeta>
							<wp:postmeta>
		<wp:meta_key><![CDATA[acteur_vedette]]></wp:meta_key>
		<wp:meta_value><![CDATA[1]]></wp:meta_value>
		</wp:postmeta>
							<wp:postmeta>
		<wp:meta_key><![CDATA[_acteur_vedette]]></wp:meta_key>
		<wp:meta_value><![CDATA[field_5e9c7c3eb43c4]]></wp:meta_value>
		</wp:postmeta>
							<wp:postmeta>
		<wp:meta_key><![CDATA[cw4_acteur_nationalite]]></wp:meta_key>
		<wp:meta_value><![CDATA[États-Unis]]></wp:meta_value>
		</wp:postmeta>
							<wp:postmeta>
		<wp:meta_key><![CDATA[_cw4_acteur_nationalite]]></wp:meta_key>
		<wp:meta_value><![CDATA[field_64237a6cc88f2]]></wp:meta_value>
		</wp:postmeta>
							<wp:postmeta>
		<wp:meta_key><![CDATA[cw4_acteur_naissance]]></wp:meta_key>
		<wp:meta_value><![CDATA[19560709]]></wp:meta_value>
		</wp:postmeta>
							<wp:postmeta>
		<wp:meta_key><![CDATA[_cw4_acteur_naissance]]></wp:meta_key>
		<wp:meta_value><![CDATA[field_642383791cb58]]></wp:meta_value>
		</wp:postmeta>
							<wp:postmeta>
		<wp:meta_key><![CDATA[cw4_acteur_instagram]]></wp:meta_key>
		<wp:meta_value><![CDATA[https://www.instagram.com/tomhanks/]]></wp:meta_value>
		</wp:postmeta>
							<wp:postmeta>
		<wp:meta_key><![CDATA[_cw4_acteur_instagram]]></wp:meta_key>
		<wp:meta_value><![CDATA[field_5e9c7c2cb43c3]]></wp:meta_value>
		</wp:postmeta>
							<wp:postmeta>
		<wp:meta_key><![CDATA[cw4_acteur_vedette]]></wp:meta_key>
		<wp:meta_value><![CDATA[1]]></wp:meta_value>
		</wp:postmeta>
							<wp:postmeta>
		<wp:meta_key><![CDATA[_cw4_acteur_vedette]]></wp:meta_key>
		<wp:meta_value><![CDATA[field_5e9c7c3eb43c4]]></wp:meta_value>
		</wp:postmeta>
							<wp:postmeta>
		<wp:meta_key><![CDATA[_wp_old_slug]]></wp:meta_key>
		<wp:meta_value><![CDATA[tom-hanks__trashed]]></wp:meta_value>
		</wp:postmeta>
							<wp:postmeta>
		<wp:meta_key><![CDATA[allo]]></wp:meta_key>
		<wp:meta_value><![CDATA[bonjiour]]></wp:meta_value>
		</wp:postmeta>
							<wp:postmeta>
		<wp:meta_key><![CDATA[_allo]]></wp:meta_key>
		<wp:meta_value><![CDATA[field_6248e0e4424af]]></wp:meta_value>
		</wp:postmeta>
							<wp:postmeta>
		<wp:meta_key><![CDATA[_cw4_acteur_sociaux_0_url]]></wp:meta_key>
		<wp:meta_value><![CDATA[field_626d9eb9c8858]]></wp:meta_value>
		</wp:postmeta>
							<wp:postmeta>
		<wp:meta_key><![CDATA[cw4_acteur_sociaux_1_url]]></wp:meta_key>
		<wp:meta_value><![CDATA[https://twitter.com/tomhanks]]></wp:meta_value>
		</wp:postmeta>
							<wp:postmeta>
		<wp:meta_key><![CDATA[_cw4_acteur_sociaux_1_type]]></wp:meta_key>
		<wp:meta_value><![CDATA[field_626d9e14c8857]]></wp:meta_value>
		</wp:postmeta>
							<wp:postmeta>
		<wp:meta_key><![CDATA[cw4_acteur_sociaux_1_type]]></wp:meta_key>
		<wp:meta_value><![CDATA[Facebook]]></wp:meta_value>
		</wp:postmeta>
							<wp:postmeta>
		<wp:meta_key><![CDATA[_cw4_acteur_sociaux]]></wp:meta_key>
		<wp:meta_value><![CDATA[field_626d9da0c8856]]></wp:meta_value>
		</wp:postmeta>
							<wp:postmeta>
		<wp:meta_key><![CDATA[cw4_acteur_sociaux]]></wp:meta_key>
		<wp:meta_value><![CDATA[3]]></wp:meta_value>
		</wp:postmeta>
							<wp:postmeta>
		<wp:meta_key><![CDATA[cw4_acteur_sociaux_0_type]]></wp:meta_key>
		<wp:meta_value><![CDATA[Twitter]]></wp:meta_value>
		</wp:postmeta>
							<wp:postmeta>
		<wp:meta_key><![CDATA[_cw4_acteur_sociaux_0_type]]></wp:meta_key>
		<wp:meta_value><![CDATA[field_626d9e14c8857]]></wp:meta_value>
		</wp:postmeta>
							<wp:postmeta>
		<wp:meta_key><![CDATA[cw4_acteur_sociaux_0_url]]></wp:meta_key>
		<wp:meta_value><![CDATA[https://twitter.com/tomhanks]]></wp:meta_value>
		</wp:postmeta>
							<wp:postmeta>
		<wp:meta_key><![CDATA[_cw4_acteur_sociaux_1_url]]></wp:meta_key>
		<wp:meta_value><![CDATA[field_626d9eb9c8858]]></wp:meta_value>
		</wp:postmeta>
							<wp:postmeta>
		<wp:meta_key><![CDATA[cw4_acteur_sociaux_2_type]]></wp:meta_key>
		<wp:meta_value><![CDATA[Twitter]]></wp:meta_value>
		</wp:postmeta>
							<wp:postmeta>
		<wp:meta_key><![CDATA[cw4_acteur_sociaux_2_url]]></wp:meta_key>
		<wp:meta_value><![CDATA[https://twitter.com/tomhanks]]></wp:meta_value>
		</wp:postmeta>
							<wp:postmeta>
		<wp:meta_key><![CDATA[_cw4_acteur_sociaux_2_url]]></wp:meta_key>
		<wp:meta_value><![CDATA[field_626d9eb9c8858]]></wp:meta_value>
		</wp:postmeta>
							<wp:postmeta>
		<wp:meta_key><![CDATA[_cw4_acteur_sociaux_2_type]]></wp:meta_key>
		<wp:meta_value><![CDATA[field_626d9e14c8857]]></wp:meta_value>
		</wp:postmeta>
							</item>
				</channel>
</rss>
	