<?xml version="1.0" encoding="UTF-8" ?>
<!-- This is a WordPress eXtended RSS file generated by WordPress as an export of your site. -->
<!-- It contains information about your site's posts, pages, comments, categories, and other content. -->
<!-- You may use this file to transfer that content from one site to another. -->
<!-- This file is not intended to serve as a complete backup of your site. -->

<!-- To import this information into a WordPress site follow these steps: -->
<!-- 1. Log in to that site as an administrator. -->
<!-- 2. Go to Tools: Import in the WordPress admin panel. -->
<!-- 3. Install the "WordPress" importer from the list. -->
<!-- 4. Activate & Run Importer. -->
<!-- 5. Upload this file using the form provided on that page. -->
<!-- 6. You will first be asked to map the authors in this export file to users -->
<!--    on the site. For each author, you may choose to map to an -->
<!--    existing user on the site or to create a new user. -->
<!-- 7. WordPress will then import each of the posts, pages, comments, categories, etc. -->
<!--    contained in this file into your site. -->

	<!-- generator="WordPress/6.2" created="2023-04-11 06:07" -->
<rss version="2.0"
	xmlns:excerpt="http://wordpress.org/export/1.2/excerpt/"
	xmlns:content="http://purl.org/rss/1.0/modules/content/"
	xmlns:wfw="http://wellformedweb.org/CommentAPI/"
	xmlns:dc="http://purl.org/dc/elements/1.1/"
	xmlns:wp="http://wordpress.org/export/1.2/"
>

<channel>
	<title>Cinétim</title>
	<link>http://mdupont.dectim.net/pub/wp23/semaine_9/cinetim_3</link>
	<description>la référence en cinéma</description>
	<pubDate>Tue, 11 Apr 2023 06:07:52 +0000</pubDate>
	<language>fr-CA</language>
	<wp:wxr_version>1.2</wp:wxr_version>
	<wp:base_site_url>http://mdupont.dectim.net/pub/wp23/semaine_9/cinetim_3</wp:base_site_url>
	<wp:base_blog_url>http://mdupont.dectim.net/pub/wp23/semaine_9/cinetim_3</wp:base_blog_url>

		<wp:author><wp:author_id>1</wp:author_id><wp:author_login><![CDATA[mathieu]]></wp:author_login><wp:author_email><![CDATA[mathieu.dupont@cegepmontpetit.ca]]></wp:author_email><wp:author_display_name><![CDATA[mathieu]]></wp:author_display_name><wp:author_first_name><![CDATA[]]></wp:author_first_name><wp:author_last_name><![CDATA[]]></wp:author_last_name></wp:author>

				
	<generator>https://wordpress.org/?v=6.2</generator>

		<item>
		<title><![CDATA[Schindler's List]]></title>
		<link>http://mdupont.dectim.net/pub/wp23/semaine_9/cinetim_3/?post_type=movies&#038;p=12</link>
		<pubDate>Thu, 31 Dec 1992 23:00:13 +0000</pubDate>
		<dc:creator><![CDATA[mathieu]]></dc:creator>
		<guid isPermaLink="false">https://jfleblanc.dectim.ca/cours/cw4/semaine08/?post_type=movies&#038;p=12</guid>
		<description></description>
		<content:encoded><![CDATA[In German-occupied Poland during World War II, industrialist <a href="https://www.imdb.com/name/nm0771861/?ref_=">Oskar Schindler</a> gradually becomes concerned for his Jewish workforce after witnessing their persecution by the Nazis.]]></content:encoded>
		<excerpt:encoded><![CDATA[]]></excerpt:encoded>
		<wp:post_id>12</wp:post_id>
		<wp:post_date><![CDATA[1993-01-01 00:00:13]]></wp:post_date>
		<wp:post_date_gmt><![CDATA[1992-12-31 23:00:13]]></wp:post_date_gmt>
		<wp:post_modified><![CDATA[2023-04-10 20:31:32]]></wp:post_modified>
		<wp:post_modified_gmt><![CDATA[2023-04-11 00:31:32]]></wp:post_modified_gmt>
		<wp:comment_status><![CDATA[closed]]></wp:comment_status>
		<wp:ping_status><![CDATA[closed]]></wp:ping_status>
		<wp:post_name><![CDATA[schindlers-list__trashed]]></wp:post_name>
		<wp:status><![CDATA[trash]]></wp:status>
		<wp:post_parent>0</wp:post_parent>
		<wp:menu_order>0</wp:menu_order>
		<wp:post_type><![CDATA[movies]]></wp:post_type>
		<wp:post_password><![CDATA[]]></wp:post_password>
		<wp:is_sticky>0</wp:is_sticky>
										<category domain="category" nicename="drame"><![CDATA[Drame]]></category>
		<category domain="category" nicename="history"><![CDATA[History]]></category>
						<wp:postmeta>
		<wp:meta_key><![CDATA[_edit_last]]></wp:meta_key>
		<wp:meta_value><![CDATA[1]]></wp:meta_value>
		</wp:postmeta>
							<wp:postmeta>
		<wp:meta_key><![CDATA[_thumbnail_id]]></wp:meta_key>
		<wp:meta_value><![CDATA[13]]></wp:meta_value>
		</wp:postmeta>
							<wp:postmeta>
		<wp:meta_key><![CDATA[_wp_old_date]]></wp:meta_key>
		<wp:meta_value><![CDATA[2020-03-11]]></wp:meta_value>
		</wp:postmeta>
							<wp:postmeta>
		<wp:meta_key><![CDATA[_wp_trash_meta_status]]></wp:meta_key>
		<wp:meta_value><![CDATA[publish]]></wp:meta_value>
		</wp:postmeta>
							<wp:postmeta>
		<wp:meta_key><![CDATA[_wp_trash_meta_time]]></wp:meta_key>
		<wp:meta_value><![CDATA[1681173092]]></wp:meta_value>
		</wp:postmeta>
							<wp:postmeta>
		<wp:meta_key><![CDATA[_wp_desired_post_slug]]></wp:meta_key>
		<wp:meta_value><![CDATA[schindlers-list]]></wp:meta_value>
		</wp:postmeta>
							</item>
					<item>
		<title><![CDATA[Pulp Fiction]]></title>
		<link>http://mdupont.dectim.net/pub/wp23/semaine_9/cinetim_3/?post_type=movies&#038;p=14</link>
		<pubDate>Mon, 31 Jan 1994 23:02:39 +0000</pubDate>
		<dc:creator><![CDATA[mathieu]]></dc:creator>
		<guid isPermaLink="false">https://jfleblanc.dectim.ca/cours/cw4/semaine08/?post_type=movies&#038;p=14</guid>
		<description></description>
		<content:encoded><![CDATA[The lives of two mob hitmen, a boxer, a gangster and his wife, and a pair of diner bandits intertwine in four tales of violence and redemption.]]></content:encoded>
		<excerpt:encoded><![CDATA[]]></excerpt:encoded>
		<wp:post_id>14</wp:post_id>
		<wp:post_date><![CDATA[1994-02-01 00:02:39]]></wp:post_date>
		<wp:post_date_gmt><![CDATA[1994-01-31 23:02:39]]></wp:post_date_gmt>
		<wp:post_modified><![CDATA[2023-04-10 20:34:45]]></wp:post_modified>
		<wp:post_modified_gmt><![CDATA[2023-04-11 00:34:45]]></wp:post_modified_gmt>
		<wp:comment_status><![CDATA[closed]]></wp:comment_status>
		<wp:ping_status><![CDATA[closed]]></wp:ping_status>
		<wp:post_name><![CDATA[pulp-fiction__trashed]]></wp:post_name>
		<wp:status><![CDATA[trash]]></wp:status>
		<wp:post_parent>0</wp:post_parent>
		<wp:menu_order>0</wp:menu_order>
		<wp:post_type><![CDATA[movies]]></wp:post_type>
		<wp:post_password><![CDATA[]]></wp:post_password>
		<wp:is_sticky>0</wp:is_sticky>
										<category domain="category" nicename="crime"><![CDATA[Crime]]></category>
		<category domain="category" nicename="drame"><![CDATA[Drame]]></category>
						<wp:postmeta>
		<wp:meta_key><![CDATA[_edit_last]]></wp:meta_key>
		<wp:meta_value><![CDATA[1]]></wp:meta_value>
		</wp:postmeta>
							<wp:postmeta>
		<wp:meta_key><![CDATA[_thumbnail_id]]></wp:meta_key>
		<wp:meta_value><![CDATA[15]]></wp:meta_value>
		</wp:postmeta>
							<wp:postmeta>
		<wp:meta_key><![CDATA[_wp_old_date]]></wp:meta_key>
		<wp:meta_value><![CDATA[2020-03-11]]></wp:meta_value>
		</wp:postmeta>
							<wp:postmeta>
		<wp:meta_key><![CDATA[_wp_old_date]]></wp:meta_key>
		<wp:meta_value><![CDATA[1994-01-01]]></wp:meta_value>
		</wp:postmeta>
							<wp:postmeta>
		<wp:meta_key><![CDATA[_wp_trash_meta_status]]></wp:meta_key>
		<wp:meta_value><![CDATA[publish]]></wp:meta_value>
		</wp:postmeta>
							<wp:postmeta>
		<wp:meta_key><![CDATA[_wp_trash_meta_time]]></wp:meta_key>
		<wp:meta_value><![CDATA[1681173285]]></wp:meta_value>
		</wp:postmeta>
							<wp:postmeta>
		<wp:meta_key><![CDATA[_wp_desired_post_slug]]></wp:meta_key>
		<wp:meta_value><![CDATA[pulp-fiction]]></wp:meta_value>
		</wp:postmeta>
							</item>
					<item>
		<title><![CDATA[Fight Club]]></title>
		<link>http://mdupont.dectim.net/pub/wp23/semaine_9/cinetim_3/?post_type=movies&#038;p=16</link>
		<pubDate>Thu, 14 Oct 1999 22:00:30 +0000</pubDate>
		<dc:creator><![CDATA[mathieu]]></dc:creator>
		<guid isPermaLink="false">https://jfleblanc.dectim.ca/cours/cw4/semaine08/?post_type=movies&#038;p=16</guid>
		<description></description>
		<content:encoded><![CDATA[An insomniac office worker and a devil-may-care soapmaker form an underground fight club that evolves into something much, much more.]]></content:encoded>
		<excerpt:encoded><![CDATA[]]></excerpt:encoded>
		<wp:post_id>16</wp:post_id>
		<wp:post_date><![CDATA[1999-10-15 00:00:30]]></wp:post_date>
		<wp:post_date_gmt><![CDATA[1999-10-14 22:00:30]]></wp:post_date_gmt>
		<wp:post_modified><![CDATA[2023-04-10 20:27:29]]></wp:post_modified>
		<wp:post_modified_gmt><![CDATA[2023-04-11 00:27:29]]></wp:post_modified_gmt>
		<wp:comment_status><![CDATA[closed]]></wp:comment_status>
		<wp:ping_status><![CDATA[closed]]></wp:ping_status>
		<wp:post_name><![CDATA[fight-club__trashed]]></wp:post_name>
		<wp:status><![CDATA[trash]]></wp:status>
		<wp:post_parent>0</wp:post_parent>
		<wp:menu_order>0</wp:menu_order>
		<wp:post_type><![CDATA[movies]]></wp:post_type>
		<wp:post_password><![CDATA[]]></wp:post_password>
		<wp:is_sticky>0</wp:is_sticky>
										<category domain="category" nicename="drame"><![CDATA[Drame]]></category>
						<wp:postmeta>
		<wp:meta_key><![CDATA[_edit_last]]></wp:meta_key>
		<wp:meta_value><![CDATA[1]]></wp:meta_value>
		</wp:postmeta>
							<wp:postmeta>
		<wp:meta_key><![CDATA[_thumbnail_id]]></wp:meta_key>
		<wp:meta_value><![CDATA[17]]></wp:meta_value>
		</wp:postmeta>
							<wp:postmeta>
		<wp:meta_key><![CDATA[_wp_old_date]]></wp:meta_key>
		<wp:meta_value><![CDATA[2020-03-11]]></wp:meta_value>
		</wp:postmeta>
							<wp:postmeta>
		<wp:meta_key><![CDATA[_wp_old_date]]></wp:meta_key>
		<wp:meta_value><![CDATA[1999-01-11]]></wp:meta_value>
		</wp:postmeta>
							<wp:postmeta>
		<wp:meta_key><![CDATA[_wp_trash_meta_status]]></wp:meta_key>
		<wp:meta_value><![CDATA[publish]]></wp:meta_value>
		</wp:postmeta>
							<wp:postmeta>
		<wp:meta_key><![CDATA[_wp_trash_meta_time]]></wp:meta_key>
		<wp:meta_value><![CDATA[1681172849]]></wp:meta_value>
		</wp:postmeta>
							<wp:postmeta>
		<wp:meta_key><![CDATA[_wp_desired_post_slug]]></wp:meta_key>
		<wp:meta_value><![CDATA[fight-club]]></wp:meta_value>
		</wp:postmeta>
							</item>
					<item>
		<title><![CDATA[Forrest Gump]]></title>
		<link>http://mdupont.dectim.net/pub/wp23/semaine_9/cinetim_3/?post_type=movies&#038;p=18</link>
		<pubDate>Sat, 30 Apr 1994 23:01:30 +0000</pubDate>
		<dc:creator><![CDATA[mathieu]]></dc:creator>
		<guid isPermaLink="false">https://jfleblanc.dectim.ca/cours/cw4/semaine08/?post_type=movies&#038;p=18</guid>
		<description></description>
		<content:encoded><![CDATA[The presidencies of Kennedy and Johnson, the events of Vietnam, Watergate, and other historical events unfold through the perspective of an Alabama man with an IQ of 75, whose only desire is to be reunited with his childhood sweetheart.]]></content:encoded>
		<excerpt:encoded><![CDATA[]]></excerpt:encoded>
		<wp:post_id>18</wp:post_id>
		<wp:post_date><![CDATA[1994-05-01 01:01:30]]></wp:post_date>
		<wp:post_date_gmt><![CDATA[1994-04-30 23:01:30]]></wp:post_date_gmt>
		<wp:post_modified><![CDATA[2023-04-10 20:36:34]]></wp:post_modified>
		<wp:post_modified_gmt><![CDATA[2023-04-11 00:36:34]]></wp:post_modified_gmt>
		<wp:comment_status><![CDATA[closed]]></wp:comment_status>
		<wp:ping_status><![CDATA[closed]]></wp:ping_status>
		<wp:post_name><![CDATA[forrest-gump__trashed]]></wp:post_name>
		<wp:status><![CDATA[trash]]></wp:status>
		<wp:post_parent>0</wp:post_parent>
		<wp:menu_order>0</wp:menu_order>
		<wp:post_type><![CDATA[movies]]></wp:post_type>
		<wp:post_password><![CDATA[]]></wp:post_password>
		<wp:is_sticky>0</wp:is_sticky>
										<category domain="category" nicename="drame"><![CDATA[Drame]]></category>
		<category domain="category" nicename="romance"><![CDATA[Romance]]></category>
						<wp:postmeta>
		<wp:meta_key><![CDATA[_edit_last]]></wp:meta_key>
		<wp:meta_value><![CDATA[1]]></wp:meta_value>
		</wp:postmeta>
							<wp:postmeta>
		<wp:meta_key><![CDATA[_thumbnail_id]]></wp:meta_key>
		<wp:meta_value><![CDATA[19]]></wp:meta_value>
		</wp:postmeta>
							<wp:postmeta>
		<wp:meta_key><![CDATA[_wp_old_date]]></wp:meta_key>
		<wp:meta_value><![CDATA[2020-03-11]]></wp:meta_value>
		</wp:postmeta>
							<wp:postmeta>
		<wp:meta_key><![CDATA[_wp_old_date]]></wp:meta_key>
		<wp:meta_value><![CDATA[1994-01-01]]></wp:meta_value>
		</wp:postmeta>
							<wp:postmeta>
		<wp:meta_key><![CDATA[_wp_old_date]]></wp:meta_key>
		<wp:meta_value><![CDATA[1994-02-01]]></wp:meta_value>
		</wp:postmeta>
							<wp:postmeta>
		<wp:meta_key><![CDATA[_wp_trash_meta_status]]></wp:meta_key>
		<wp:meta_value><![CDATA[publish]]></wp:meta_value>
		</wp:postmeta>
							<wp:postmeta>
		<wp:meta_key><![CDATA[_wp_trash_meta_time]]></wp:meta_key>
		<wp:meta_value><![CDATA[1681173394]]></wp:meta_value>
		</wp:postmeta>
							<wp:postmeta>
		<wp:meta_key><![CDATA[_wp_desired_post_slug]]></wp:meta_key>
		<wp:meta_value><![CDATA[forrest-gump]]></wp:meta_value>
		</wp:postmeta>
							</item>
					<item>
		<title><![CDATA[Inception]]></title>
		<link>http://mdupont.dectim.net/pub/wp23/semaine_9/cinetim_3/?post_type=movies&#038;p=20</link>
		<pubDate>Thu, 31 Dec 2009 23:00:32 +0000</pubDate>
		<dc:creator><![CDATA[mathieu]]></dc:creator>
		<guid isPermaLink="false">https://jfleblanc.dectim.ca/cours/cw4/semaine08/?post_type=movies&#038;p=20</guid>
		<description></description>
		<content:encoded><![CDATA[<!-- wp:paragraph -->
<p>A thief who steals corporate secrets through the use of dream-sharing technology is given the inverse task of planting an idea into the mind of a C.E.O., but his tragic past may doom the project and his team to disaster.</p>
<!-- /wp:paragraph -->]]></content:encoded>
		<excerpt:encoded><![CDATA[]]></excerpt:encoded>
		<wp:post_id>20</wp:post_id>
		<wp:post_date><![CDATA[2010-01-01 00:00:32]]></wp:post_date>
		<wp:post_date_gmt><![CDATA[2009-12-31 23:00:32]]></wp:post_date_gmt>
		<wp:post_modified><![CDATA[2023-04-10 20:36:37]]></wp:post_modified>
		<wp:post_modified_gmt><![CDATA[2023-04-11 00:36:37]]></wp:post_modified_gmt>
		<wp:comment_status><![CDATA[closed]]></wp:comment_status>
		<wp:ping_status><![CDATA[closed]]></wp:ping_status>
		<wp:post_name><![CDATA[inception__trashed]]></wp:post_name>
		<wp:status><![CDATA[trash]]></wp:status>
		<wp:post_parent>0</wp:post_parent>
		<wp:menu_order>0</wp:menu_order>
		<wp:post_type><![CDATA[movies]]></wp:post_type>
		<wp:post_password><![CDATA[]]></wp:post_password>
		<wp:is_sticky>0</wp:is_sticky>
										<category domain="category" nicename="action"><![CDATA[Action]]></category>
		<category domain="category" nicename="aventure"><![CDATA[Aventure]]></category>
		<category domain="category" nicename="science-fiction"><![CDATA[Science-Fiction]]></category>
						<wp:postmeta>
		<wp:meta_key><![CDATA[_edit_last]]></wp:meta_key>
		<wp:meta_value><![CDATA[1]]></wp:meta_value>
		</wp:postmeta>
							<wp:postmeta>
		<wp:meta_key><![CDATA[_thumbnail_id]]></wp:meta_key>
		<wp:meta_value><![CDATA[21]]></wp:meta_value>
		</wp:postmeta>
							<wp:postmeta>
		<wp:meta_key><![CDATA[_wp_old_date]]></wp:meta_key>
		<wp:meta_value><![CDATA[2020-03-11]]></wp:meta_value>
		</wp:postmeta>
							<wp:postmeta>
		<wp:meta_key><![CDATA[cw4_film_realisateur]]></wp:meta_key>
		<wp:meta_value><![CDATA[131]]></wp:meta_value>
		</wp:postmeta>
							<wp:postmeta>
		<wp:meta_key><![CDATA[_cw4_film_realisateur]]></wp:meta_key>
		<wp:meta_value><![CDATA[field_642396072e8b6]]></wp:meta_value>
		</wp:postmeta>
							<wp:postmeta>
		<wp:meta_key><![CDATA[cw4_film_acteurs]]></wp:meta_key>
		<wp:meta_value><![CDATA[Leonardo DiCaprio
Joseph Gordon-Levitt
Elliot Page]]></wp:meta_value>
		</wp:postmeta>
							<wp:postmeta>
		<wp:meta_key><![CDATA[_cw4_film_acteurs]]></wp:meta_key>
		<wp:meta_value><![CDATA[field_6423964c55389]]></wp:meta_value>
		</wp:postmeta>
							<wp:postmeta>
		<wp:meta_key><![CDATA[cw4_film_image]]></wp:meta_key>
		<wp:meta_value><![CDATA[222]]></wp:meta_value>
		</wp:postmeta>
							<wp:postmeta>
		<wp:meta_key><![CDATA[_cw4_film_image]]></wp:meta_key>
		<wp:meta_value><![CDATA[field_64239b459567e]]></wp:meta_value>
		</wp:postmeta>
							<wp:postmeta>
		<wp:meta_key><![CDATA[cw4_film_note]]></wp:meta_key>
		<wp:meta_value><![CDATA[3]]></wp:meta_value>
		</wp:postmeta>
							<wp:postmeta>
		<wp:meta_key><![CDATA[_cw4_film_note]]></wp:meta_key>
		<wp:meta_value><![CDATA[field_6423986f51880]]></wp:meta_value>
		</wp:postmeta>
							<wp:postmeta>
		<wp:meta_key><![CDATA[_wp_trash_meta_status]]></wp:meta_key>
		<wp:meta_value><![CDATA[publish]]></wp:meta_value>
		</wp:postmeta>
							<wp:postmeta>
		<wp:meta_key><![CDATA[_wp_trash_meta_time]]></wp:meta_key>
		<wp:meta_value><![CDATA[1681173397]]></wp:meta_value>
		</wp:postmeta>
							<wp:postmeta>
		<wp:meta_key><![CDATA[_wp_desired_post_slug]]></wp:meta_key>
		<wp:meta_value><![CDATA[inception]]></wp:meta_value>
		</wp:postmeta>
							</item>
					<item>
		<title><![CDATA[Star Wars: Episode V - The Empire Strikes Back]]></title>
		<link>http://mdupont.dectim.net/pub/wp23/semaine_9/cinetim_3/movies/star-wars-episode-v-the-empire-strikes-back/</link>
		<pubDate>Thu, 31 Jan 1980 23:00:37 +0000</pubDate>
		<dc:creator><![CDATA[mathieu]]></dc:creator>
		<guid isPermaLink="false">https://jfleblanc.dectim.ca/cours/cw4/semaine08/?post_type=movies&#038;p=22</guid>
		<description></description>
		<content:encoded><![CDATA[Le jeune Luke Skywalker, l'aventurier Han Solo et la princesse Leia se sont joints à des rebelles en lutte contre l'empereur d'une lointaine galaxie. Le bras droit de celui-ci, le sinistre Darth Vader, écrase les rebelles sur une planète de glace où ils se sont réfugiés. Solo s'échappe avec la princesse Leia tandis que Luke rejoint une planète où il s'entraîne à la chevalerie sous la tutelle du gnome, Yoda. Il affronte ensuite Darth Vader en combat singulier.]]></content:encoded>
		<excerpt:encoded><![CDATA[]]></excerpt:encoded>
		<wp:post_id>22</wp:post_id>
		<wp:post_date><![CDATA[1980-02-01 00:00:37]]></wp:post_date>
		<wp:post_date_gmt><![CDATA[1980-01-31 23:00:37]]></wp:post_date_gmt>
		<wp:post_modified><![CDATA[2023-04-11 02:01:26]]></wp:post_modified>
		<wp:post_modified_gmt><![CDATA[2023-04-11 06:01:26]]></wp:post_modified_gmt>
		<wp:comment_status><![CDATA[closed]]></wp:comment_status>
		<wp:ping_status><![CDATA[closed]]></wp:ping_status>
		<wp:post_name><![CDATA[star-wars-episode-v-the-empire-strikes-back]]></wp:post_name>
		<wp:status><![CDATA[publish]]></wp:status>
		<wp:post_parent>0</wp:post_parent>
		<wp:menu_order>0</wp:menu_order>
		<wp:post_type><![CDATA[movies]]></wp:post_type>
		<wp:post_password><![CDATA[]]></wp:post_password>
		<wp:is_sticky>0</wp:is_sticky>
										<category domain="category" nicename="action"><![CDATA[Action]]></category>
		<category domain="category" nicename="aventure"><![CDATA[Aventure]]></category>
		<category domain="category" nicename="science-fiction"><![CDATA[Science-Fiction]]></category>
						<wp:postmeta>
		<wp:meta_key><![CDATA[_edit_last]]></wp:meta_key>
		<wp:meta_value><![CDATA[1]]></wp:meta_value>
		</wp:postmeta>
							<wp:postmeta>
		<wp:meta_key><![CDATA[_thumbnail_id]]></wp:meta_key>
		<wp:meta_value><![CDATA[23]]></wp:meta_value>
		</wp:postmeta>
							<wp:postmeta>
		<wp:meta_key><![CDATA[_wp_old_date]]></wp:meta_key>
		<wp:meta_value><![CDATA[2020-03-11]]></wp:meta_value>
		</wp:postmeta>
							<wp:postmeta>
		<wp:meta_key><![CDATA[_wp_old_date]]></wp:meta_key>
		<wp:meta_value><![CDATA[1980-01-01]]></wp:meta_value>
		</wp:postmeta>
							<wp:postmeta>
		<wp:meta_key><![CDATA[_wp_old_date]]></wp:meta_key>
		<wp:meta_value><![CDATA[1980-03-01]]></wp:meta_value>
		</wp:postmeta>
							<wp:postmeta>
		<wp:meta_key><![CDATA[cw4_film_realisateur]]></wp:meta_key>
		<wp:meta_value><![CDATA[142]]></wp:meta_value>
		</wp:postmeta>
							<wp:postmeta>
		<wp:meta_key><![CDATA[_cw4_film_realisateur]]></wp:meta_key>
		<wp:meta_value><![CDATA[field_642396072e8b6]]></wp:meta_value>
		</wp:postmeta>
							<wp:postmeta>
		<wp:meta_key><![CDATA[cw4_film_acteurs]]></wp:meta_key>
		<wp:meta_value><![CDATA[a:3:{i:0;s:3:"115";i:1;s:2:"97";i:2;s:3:"113";}]]></wp:meta_value>
		</wp:postmeta>
							<wp:postmeta>
		<wp:meta_key><![CDATA[_cw4_film_acteurs]]></wp:meta_key>
		<wp:meta_value><![CDATA[field_6434cf6011dfd]]></wp:meta_value>
		</wp:postmeta>
							<wp:postmeta>
		<wp:meta_key><![CDATA[cw4_film_image]]></wp:meta_key>
		<wp:meta_value><![CDATA[322]]></wp:meta_value>
		</wp:postmeta>
							<wp:postmeta>
		<wp:meta_key><![CDATA[_cw4_film_image]]></wp:meta_key>
		<wp:meta_value><![CDATA[field_64239b459567e]]></wp:meta_value>
		</wp:postmeta>
							<wp:postmeta>
		<wp:meta_key><![CDATA[cw4_film_note]]></wp:meta_key>
		<wp:meta_value><![CDATA[3]]></wp:meta_value>
		</wp:postmeta>
							<wp:postmeta>
		<wp:meta_key><![CDATA[_cw4_film_note]]></wp:meta_key>
		<wp:meta_value><![CDATA[field_6423986f51880]]></wp:meta_value>
		</wp:postmeta>
							<wp:postmeta>
		<wp:meta_key><![CDATA[cw4_film_blocs]]></wp:meta_key>
		<wp:meta_value><![CDATA[a:2:{i:0;s:16:"cw4_bloc_galerie";i:1;s:17:"cw4_bloc_critique";}]]></wp:meta_value>
		</wp:postmeta>
							<wp:postmeta>
		<wp:meta_key><![CDATA[_cw4_film_blocs]]></wp:meta_key>
		<wp:meta_value><![CDATA[field_6434b1858a995]]></wp:meta_value>
		</wp:postmeta>
							<wp:postmeta>
		<wp:meta_key><![CDATA[cw4_film_blocs_0_galerie]]></wp:meta_key>
		<wp:meta_value><![CDATA[3]]></wp:meta_value>
		</wp:postmeta>
							<wp:postmeta>
		<wp:meta_key><![CDATA[_cw4_film_blocs_0_galerie]]></wp:meta_key>
		<wp:meta_value><![CDATA[field_6434b1c034e72]]></wp:meta_value>
		</wp:postmeta>
							<wp:postmeta>
		<wp:meta_key><![CDATA[cw4_film_blocs_1_critique_0_titre]]></wp:meta_key>
		<wp:meta_value><![CDATA[Mediafilm]]></wp:meta_value>
		</wp:postmeta>
							<wp:postmeta>
		<wp:meta_key><![CDATA[_cw4_film_blocs_1_critique_0_titre]]></wp:meta_key>
		<wp:meta_value><![CDATA[field_6434b2ca6b704]]></wp:meta_value>
		</wp:postmeta>
							<wp:postmeta>
		<wp:meta_key><![CDATA[cw4_film_blocs_1_critique_0_extrait]]></wp:meta_key>
		<wp:meta_value><![CDATA[On retrouve ici les héros de STAR WARS dans de nouvelles aventures extraordinaires dues à l'imagination fertile de George Lucas, mais dont l'illustration a été confiée au vétéran Irvin Kershner. Celui-ci ne démérite d'ailleurs pas et fournit un travail plus qu'honorable, gardant l'esprit de l'original tout en approfondissant certaines relations entre les personnages. La réalisation technique comporte une multitude de trucages qui contribuent à d'étonnantes réussites visuelles. Le film se présente comme le cinquième épisode d'une saga qui comptera neuf chapitres. L'interprétation, décontractée et convaincante, donne vie tant à des héros de chair et d'os qu'à des robots ou à des marionnettes.]]></wp:meta_value>
		</wp:postmeta>
							<wp:postmeta>
		<wp:meta_key><![CDATA[_cw4_film_blocs_1_critique_0_extrait]]></wp:meta_key>
		<wp:meta_value><![CDATA[field_6434b2dc6b705]]></wp:meta_value>
		</wp:postmeta>
							<wp:postmeta>
		<wp:meta_key><![CDATA[cw4_film_blocs_1_critique_0_url]]></wp:meta_key>
		<wp:meta_value><![CDATA[https://mediafilm-ca.res.banq.qc.ca/1980/l-empire-contre-attaque]]></wp:meta_value>
		</wp:postmeta>
							<wp:postmeta>
		<wp:meta_key><![CDATA[_cw4_film_blocs_1_critique_0_url]]></wp:meta_key>
		<wp:meta_value><![CDATA[field_6434b2f26b706]]></wp:meta_value>
		</wp:postmeta>
							<wp:postmeta>
		<wp:meta_key><![CDATA[cw4_film_blocs_1_critique]]></wp:meta_key>
		<wp:meta_value><![CDATA[2]]></wp:meta_value>
		</wp:postmeta>
							<wp:postmeta>
		<wp:meta_key><![CDATA[_cw4_film_blocs_1_critique]]></wp:meta_key>
		<wp:meta_value><![CDATA[field_6434b29283a8f]]></wp:meta_value>
		</wp:postmeta>
							<wp:postmeta>
		<wp:meta_key><![CDATA[cw4_film_blocs_0_galerie_0_image]]></wp:meta_key>
		<wp:meta_value><![CDATA[325]]></wp:meta_value>
		</wp:postmeta>
							<wp:postmeta>
		<wp:meta_key><![CDATA[_cw4_film_blocs_0_galerie_0_image]]></wp:meta_key>
		<wp:meta_value><![CDATA[field_6434b2030455a]]></wp:meta_value>
		</wp:postmeta>
							<wp:postmeta>
		<wp:meta_key><![CDATA[cw4_film_blocs_0_galerie_1_image]]></wp:meta_key>
		<wp:meta_value><![CDATA[326]]></wp:meta_value>
		</wp:postmeta>
							<wp:postmeta>
		<wp:meta_key><![CDATA[_cw4_film_blocs_0_galerie_1_image]]></wp:meta_key>
		<wp:meta_value><![CDATA[field_6434b2030455a]]></wp:meta_value>
		</wp:postmeta>
							<wp:postmeta>
		<wp:meta_key><![CDATA[cw4_film_blocs_0_galerie_2_image]]></wp:meta_key>
		<wp:meta_value><![CDATA[327]]></wp:meta_value>
		</wp:postmeta>
							<wp:postmeta>
		<wp:meta_key><![CDATA[_cw4_film_blocs_0_galerie_2_image]]></wp:meta_key>
		<wp:meta_value><![CDATA[field_6434b2030455a]]></wp:meta_value>
		</wp:postmeta>
							<wp:postmeta>
		<wp:meta_key><![CDATA[cw4_film_blocs_1_critique_1_titre]]></wp:meta_key>
		<wp:meta_value><![CDATA[Mediafilm 2]]></wp:meta_value>
		</wp:postmeta>
							<wp:postmeta>
		<wp:meta_key><![CDATA[_cw4_film_blocs_1_critique_1_titre]]></wp:meta_key>
		<wp:meta_value><![CDATA[field_6434b2ca6b704]]></wp:meta_value>
		</wp:postmeta>
							<wp:postmeta>
		<wp:meta_key><![CDATA[cw4_film_blocs_1_critique_1_extrait]]></wp:meta_key>
		<wp:meta_value><![CDATA[On retrouve ici les héros de STAR WARS dans de nouvelles aventures extraordinaires dues à l'imagination fertile de George Lucas, mais dont l'illustration a été confiée au vétéran Irvin Kershner. Celui-ci ne démérite d'ailleurs pas et fournit un travail plus qu'honorable, gardant l'esprit de l'original tout en approfondissant certaines relations entre les personnages. La réalisation technique comporte une multitude de trucages qui contribuent à d'étonnantes réussites visuelles. Le film se présente comme le cinquième épisode d'une saga qui comptera neuf chapitres. L'interprétation, décontractée et convaincante, donne vie tant à des héros de chair et d'os qu'à des robots ou à des marionnettes.]]></wp:meta_value>
		</wp:postmeta>
							<wp:postmeta>
		<wp:meta_key><![CDATA[_cw4_film_blocs_1_critique_1_extrait]]></wp:meta_key>
		<wp:meta_value><![CDATA[field_6434b2dc6b705]]></wp:meta_value>
		</wp:postmeta>
							<wp:postmeta>
		<wp:meta_key><![CDATA[cw4_film_blocs_1_critique_1_url]]></wp:meta_key>
		<wp:meta_value><![CDATA[https://mediafilm-ca.res.banq.qc.ca/1980/l-empire-contre-attaque]]></wp:meta_value>
		</wp:postmeta>
							<wp:postmeta>
		<wp:meta_key><![CDATA[_cw4_film_blocs_1_critique_1_url]]></wp:meta_key>
		<wp:meta_value><![CDATA[field_6434b2f26b706]]></wp:meta_value>
		</wp:postmeta>
							<wp:postmeta>
		<wp:meta_key><![CDATA[cw4_films_journee_de_presentation]]></wp:meta_key>
		<wp:meta_value><![CDATA[Jour 3]]></wp:meta_value>
		</wp:postmeta>
							<wp:postmeta>
		<wp:meta_key><![CDATA[_cw4_films_journee_de_presentation]]></wp:meta_key>
		<wp:meta_value><![CDATA[field_6434f6a9b779e]]></wp:meta_value>
		</wp:postmeta>
							</item>
					<item>
		<title><![CDATA[The Matrix]]></title>
		<link>http://mdupont.dectim.net/pub/wp23/semaine_9/cinetim_3/?post_type=movies&#038;p=24</link>
		<pubDate>Tue, 30 Mar 1999 22:00:24 +0000</pubDate>
		<dc:creator><![CDATA[mathieu]]></dc:creator>
		<guid isPermaLink="false">https://jfleblanc.dectim.ca/cours/cw4/semaine08/?post_type=movies&#038;p=24</guid>
		<description></description>
		<content:encoded><![CDATA[A computer hacker learns from mysterious rebels about the true nature of his reality and his role in the war against its controllers.]]></content:encoded>
		<excerpt:encoded><![CDATA[]]></excerpt:encoded>
		<wp:post_id>24</wp:post_id>
		<wp:post_date><![CDATA[1999-03-31 00:00:24]]></wp:post_date>
		<wp:post_date_gmt><![CDATA[1999-03-30 22:00:24]]></wp:post_date_gmt>
		<wp:post_modified><![CDATA[2023-04-10 20:27:32]]></wp:post_modified>
		<wp:post_modified_gmt><![CDATA[2023-04-11 00:27:32]]></wp:post_modified_gmt>
		<wp:comment_status><![CDATA[closed]]></wp:comment_status>
		<wp:ping_status><![CDATA[closed]]></wp:ping_status>
		<wp:post_name><![CDATA[the-matrix__trashed]]></wp:post_name>
		<wp:status><![CDATA[trash]]></wp:status>
		<wp:post_parent>0</wp:post_parent>
		<wp:menu_order>0</wp:menu_order>
		<wp:post_type><![CDATA[movies]]></wp:post_type>
		<wp:post_password><![CDATA[]]></wp:post_password>
		<wp:is_sticky>0</wp:is_sticky>
										<category domain="category" nicename="action"><![CDATA[Action]]></category>
		<category domain="category" nicename="science-fiction"><![CDATA[Science-Fiction]]></category>
						<wp:postmeta>
		<wp:meta_key><![CDATA[_edit_last]]></wp:meta_key>
		<wp:meta_value><![CDATA[1]]></wp:meta_value>
		</wp:postmeta>
							<wp:postmeta>
		<wp:meta_key><![CDATA[_thumbnail_id]]></wp:meta_key>
		<wp:meta_value><![CDATA[25]]></wp:meta_value>
		</wp:postmeta>
							<wp:postmeta>
		<wp:meta_key><![CDATA[_wp_old_date]]></wp:meta_key>
		<wp:meta_value><![CDATA[2020-03-11]]></wp:meta_value>
		</wp:postmeta>
							<wp:postmeta>
		<wp:meta_key><![CDATA[_wp_old_date]]></wp:meta_key>
		<wp:meta_value><![CDATA[1999-01-01]]></wp:meta_value>
		</wp:postmeta>
							<wp:postmeta>
		<wp:meta_key><![CDATA[_wp_trash_meta_status]]></wp:meta_key>
		<wp:meta_value><![CDATA[publish]]></wp:meta_value>
		</wp:postmeta>
							<wp:postmeta>
		<wp:meta_key><![CDATA[_wp_trash_meta_time]]></wp:meta_key>
		<wp:meta_value><![CDATA[1681172852]]></wp:meta_value>
		</wp:postmeta>
							<wp:postmeta>
		<wp:meta_key><![CDATA[_wp_desired_post_slug]]></wp:meta_key>
		<wp:meta_value><![CDATA[the-matrix]]></wp:meta_value>
		</wp:postmeta>
							</item>
					<item>
		<title><![CDATA[Interstellar]]></title>
		<link>http://mdupont.dectim.net/pub/wp23/semaine_9/cinetim_3/movies/interstellar/</link>
		<pubDate>Wed, 01 Jan 2014 00:00:13 +0000</pubDate>
		<dc:creator><![CDATA[mathieu]]></dc:creator>
		<guid isPermaLink="false">https://jfleblanc.dectim.ca/cours/cw4/semaine08/?post_type=movies&#038;p=28</guid>
		<description></description>
		<content:encoded><![CDATA[Dans un futur proche, la Terre est devenue presque invivable, des tempêtes de poussière ravageant les cultures et causant une baisse d'oxygène dans l'atmosphère. Il y a dix ans, après la découverte près de Saturne d'un trou de ver donnant accès à une autre galaxie, la NASA, dans le plus grand secret, a organisé une expédition dans l'espoir de découvrir une planète habitable. Deux scénarios étaient alors envisagés: transporter dans ce nouvel éden la population mondiale ou y recréer des individus par clonage, de façon à préserver l'espèce humaine. Mais par malheur, les membres de cette mission interstellaire n'ont plus jamais donné signe de vie. À la demande du professeur Brand, toujours à la tête du projet, le fermier et ex-ingénieur Cooper accepte de piloter une nouvelle expédition, à laquelle prennent part trois autres astronautes, dont la fille de Brand. D'ici le retour des explorateurs, qui évolueront dans un espace-temps où une heure équivaut à sept années terrestres, le professeur espère avoir résolu le problème gravitationnel qui empêche présentement un vaisseau contenant des milliards de personnes de s'élever dans les airs.]]></content:encoded>
		<excerpt:encoded><![CDATA[]]></excerpt:encoded>
		<wp:post_id>28</wp:post_id>
		<wp:post_date><![CDATA[2014-01-01 00:00:13]]></wp:post_date>
		<wp:post_date_gmt><![CDATA[2014-01-01 00:00:13]]></wp:post_date_gmt>
		<wp:post_modified><![CDATA[2023-04-11 02:01:18]]></wp:post_modified>
		<wp:post_modified_gmt><![CDATA[2023-04-11 06:01:18]]></wp:post_modified_gmt>
		<wp:comment_status><![CDATA[closed]]></wp:comment_status>
		<wp:ping_status><![CDATA[closed]]></wp:ping_status>
		<wp:post_name><![CDATA[interstellar]]></wp:post_name>
		<wp:status><![CDATA[publish]]></wp:status>
		<wp:post_parent>0</wp:post_parent>
		<wp:menu_order>0</wp:menu_order>
		<wp:post_type><![CDATA[movies]]></wp:post_type>
		<wp:post_password><![CDATA[]]></wp:post_password>
		<wp:is_sticky>0</wp:is_sticky>
										<category domain="category" nicename="aventure"><![CDATA[Aventure]]></category>
		<category domain="category" nicename="drame"><![CDATA[Drame]]></category>
		<category domain="category" nicename="science-fiction"><![CDATA[Science-Fiction]]></category>
						<wp:postmeta>
		<wp:meta_key><![CDATA[_edit_last]]></wp:meta_key>
		<wp:meta_value><![CDATA[1]]></wp:meta_value>
		</wp:postmeta>
							<wp:postmeta>
		<wp:meta_key><![CDATA[_thumbnail_id]]></wp:meta_key>
		<wp:meta_value><![CDATA[29]]></wp:meta_value>
		</wp:postmeta>
							<wp:postmeta>
		<wp:meta_key><![CDATA[_wp_old_date]]></wp:meta_key>
		<wp:meta_value><![CDATA[2020-03-11]]></wp:meta_value>
		</wp:postmeta>
							<wp:postmeta>
		<wp:meta_key><![CDATA[cw4_film_realisateur]]></wp:meta_key>
		<wp:meta_value><![CDATA[131]]></wp:meta_value>
		</wp:postmeta>
							<wp:postmeta>
		<wp:meta_key><![CDATA[_cw4_film_realisateur]]></wp:meta_key>
		<wp:meta_value><![CDATA[field_642396072e8b6]]></wp:meta_value>
		</wp:postmeta>
							<wp:postmeta>
		<wp:meta_key><![CDATA[cw4_film_acteurs]]></wp:meta_key>
		<wp:meta_value><![CDATA[]]></wp:meta_value>
		</wp:postmeta>
							<wp:postmeta>
		<wp:meta_key><![CDATA[_cw4_film_acteurs]]></wp:meta_key>
		<wp:meta_value><![CDATA[field_6434cf6011dfd]]></wp:meta_value>
		</wp:postmeta>
							<wp:postmeta>
		<wp:meta_key><![CDATA[cw4_film_image]]></wp:meta_key>
		<wp:meta_value><![CDATA[305]]></wp:meta_value>
		</wp:postmeta>
							<wp:postmeta>
		<wp:meta_key><![CDATA[_cw4_film_image]]></wp:meta_key>
		<wp:meta_value><![CDATA[field_64239b459567e]]></wp:meta_value>
		</wp:postmeta>
							<wp:postmeta>
		<wp:meta_key><![CDATA[cw4_film_note]]></wp:meta_key>
		<wp:meta_value><![CDATA[5]]></wp:meta_value>
		</wp:postmeta>
							<wp:postmeta>
		<wp:meta_key><![CDATA[_cw4_film_note]]></wp:meta_key>
		<wp:meta_value><![CDATA[field_6423986f51880]]></wp:meta_value>
		</wp:postmeta>
							<wp:postmeta>
		<wp:meta_key><![CDATA[cw4_film_blocs_0_galerie_0_image]]></wp:meta_key>
		<wp:meta_value><![CDATA[305]]></wp:meta_value>
		</wp:postmeta>
							<wp:postmeta>
		<wp:meta_key><![CDATA[_cw4_film_blocs_0_galerie_0_image]]></wp:meta_key>
		<wp:meta_value><![CDATA[field_6434b2030455a]]></wp:meta_value>
		</wp:postmeta>
							<wp:postmeta>
		<wp:meta_key><![CDATA[cw4_film_blocs_0_galerie_1_image]]></wp:meta_key>
		<wp:meta_value><![CDATA[29]]></wp:meta_value>
		</wp:postmeta>
							<wp:postmeta>
		<wp:meta_key><![CDATA[_cw4_film_blocs_0_galerie_1_image]]></wp:meta_key>
		<wp:meta_value><![CDATA[field_6434b2030455a]]></wp:meta_value>
		</wp:postmeta>
							<wp:postmeta>
		<wp:meta_key><![CDATA[cw4_film_blocs_0_galerie]]></wp:meta_key>
		<wp:meta_value><![CDATA[2]]></wp:meta_value>
		</wp:postmeta>
							<wp:postmeta>
		<wp:meta_key><![CDATA[_cw4_film_blocs_0_galerie]]></wp:meta_key>
		<wp:meta_value><![CDATA[field_6434b1c034e72]]></wp:meta_value>
		</wp:postmeta>
							<wp:postmeta>
		<wp:meta_key><![CDATA[cw4_film_blocs_1_critique_0_titre]]></wp:meta_key>
		<wp:meta_value><![CDATA[Mediafilm]]></wp:meta_value>
		</wp:postmeta>
							<wp:postmeta>
		<wp:meta_key><![CDATA[_cw4_film_blocs_1_critique_0_titre]]></wp:meta_key>
		<wp:meta_value><![CDATA[field_6434b2ca6b704]]></wp:meta_value>
		</wp:postmeta>
							<wp:postmeta>
		<wp:meta_key><![CDATA[cw4_film_blocs_1_critique_0_extrait]]></wp:meta_key>
		<wp:meta_value><![CDATA[Jamais à court de défis, le visionnaire réalisateur de DARK KNIGHT et INCEPTION signe son film le plus ambitieux à ce jour: une épopée spatiale grandiose sur le devenir de l'espèce, les périls climatiques, l'héritage à transmettre aux générations futures, la force de l'amour, le sens du sacrifice et les fêlures de la nature humaine. Un vaste programme donc, qui évoque autant 2001: A SPACE ODYSSEY que le récent ELYSIUM, et qui s'articule dans un scénario très dense, fertile en rebondissements déstabilisants, mais rendu parfois indigeste par des dialogues abondants, farcis de jargon scientifique. Le film joue par ailleurs volontiers la carte de l'émotion, surtout en ce qui a trait à la relation poignante entre le héros veuf et sa fille cadette, férue de science comme lui. Au plan technique, Christopher Nolan se surpasse, créant des scènes à couper le souffle et des univers visuels fascinants, grâce à des effets numériques de grande qualité. En revanche, si elle est parfois prenante et anxiogène, la partition de Hans Zimmer se fait assommante dans certains passages. Dominée par Matthew McConaughey (DALLAS BUYERS CLUB), l'interprétation possède l'intensité voulue.]]></wp:meta_value>
		</wp:postmeta>
							<wp:postmeta>
		<wp:meta_key><![CDATA[_cw4_film_blocs_1_critique_0_extrait]]></wp:meta_key>
		<wp:meta_value><![CDATA[field_6434b2dc6b705]]></wp:meta_value>
		</wp:postmeta>
							<wp:postmeta>
		<wp:meta_key><![CDATA[cw4_film_blocs_1_critique_0_url]]></wp:meta_key>
		<wp:meta_value><![CDATA[https://mediafilm-ca.res.banq.qc.ca/2014/interstellaire]]></wp:meta_value>
		</wp:postmeta>
							<wp:postmeta>
		<wp:meta_key><![CDATA[_cw4_film_blocs_1_critique_0_url]]></wp:meta_key>
		<wp:meta_value><![CDATA[field_6434b2f26b706]]></wp:meta_value>
		</wp:postmeta>
							<wp:postmeta>
		<wp:meta_key><![CDATA[cw4_film_blocs_1_critique]]></wp:meta_key>
		<wp:meta_value><![CDATA[1]]></wp:meta_value>
		</wp:postmeta>
							<wp:postmeta>
		<wp:meta_key><![CDATA[_cw4_film_blocs_1_critique]]></wp:meta_key>
		<wp:meta_value><![CDATA[field_6434b29283a8f]]></wp:meta_value>
		</wp:postmeta>
							<wp:postmeta>
		<wp:meta_key><![CDATA[cw4_film_blocs]]></wp:meta_key>
		<wp:meta_value><![CDATA[a:2:{i:0;s:16:"cw4_bloc_galerie";i:1;s:17:"cw4_bloc_critique";}]]></wp:meta_value>
		</wp:postmeta>
							<wp:postmeta>
		<wp:meta_key><![CDATA[_cw4_film_blocs]]></wp:meta_key>
		<wp:meta_value><![CDATA[field_6434b1858a995]]></wp:meta_value>
		</wp:postmeta>
							<wp:postmeta>
		<wp:meta_key><![CDATA[cw4_films_journee_de_presentation]]></wp:meta_key>
		<wp:meta_value><![CDATA[Jour 1]]></wp:meta_value>
		</wp:postmeta>
							<wp:postmeta>
		<wp:meta_key><![CDATA[_cw4_films_journee_de_presentation]]></wp:meta_key>
		<wp:meta_value><![CDATA[field_6434f6a9b779e]]></wp:meta_value>
		</wp:postmeta>
							</item>
					<item>
		<title><![CDATA[Back to the Future]]></title>
		<link>http://mdupont.dectim.net/pub/wp23/semaine_9/cinetim_3/?post_type=movies&#038;p=30</link>
		<pubDate>Mon, 31 Dec 1984 23:00:54 +0000</pubDate>
		<dc:creator><![CDATA[mathieu]]></dc:creator>
		<guid isPermaLink="false">https://jfleblanc.dectim.ca/cours/cw4/semaine08/?post_type=movies&#038;p=30</guid>
		<description></description>
		<content:encoded><![CDATA[Marty McFly, a 17-year-old high school student, is accidentally sent thirty years into the past in a time-traveling DeLorean invented by his close friend, the eccentric scientist Doc Brown.]]></content:encoded>
		<excerpt:encoded><![CDATA[]]></excerpt:encoded>
		<wp:post_id>30</wp:post_id>
		<wp:post_date><![CDATA[1985-01-01 00:00:54]]></wp:post_date>
		<wp:post_date_gmt><![CDATA[1984-12-31 23:00:54]]></wp:post_date_gmt>
		<wp:post_modified><![CDATA[2023-04-10 20:31:40]]></wp:post_modified>
		<wp:post_modified_gmt><![CDATA[2023-04-11 00:31:40]]></wp:post_modified_gmt>
		<wp:comment_status><![CDATA[closed]]></wp:comment_status>
		<wp:ping_status><![CDATA[closed]]></wp:ping_status>
		<wp:post_name><![CDATA[back-to-the-future__trashed]]></wp:post_name>
		<wp:status><![CDATA[trash]]></wp:status>
		<wp:post_parent>0</wp:post_parent>
		<wp:menu_order>0</wp:menu_order>
		<wp:post_type><![CDATA[movies]]></wp:post_type>
		<wp:post_password><![CDATA[]]></wp:post_password>
		<wp:is_sticky>0</wp:is_sticky>
										<category domain="category" nicename="aventure"><![CDATA[Aventure]]></category>
		<category domain="category" nicename="comedie"><![CDATA[Comédie]]></category>
		<category domain="category" nicename="science-fiction"><![CDATA[Science-Fiction]]></category>
						<wp:postmeta>
		<wp:meta_key><![CDATA[_edit_last]]></wp:meta_key>
		<wp:meta_value><![CDATA[1]]></wp:meta_value>
		</wp:postmeta>
							<wp:postmeta>
		<wp:meta_key><![CDATA[_thumbnail_id]]></wp:meta_key>
		<wp:meta_value><![CDATA[31]]></wp:meta_value>
		</wp:postmeta>
							<wp:postmeta>
		<wp:meta_key><![CDATA[_wp_old_date]]></wp:meta_key>
		<wp:meta_value><![CDATA[2020-03-11]]></wp:meta_value>
		</wp:postmeta>
							<wp:postmeta>
		<wp:meta_key><![CDATA[_wp_trash_meta_status]]></wp:meta_key>
		<wp:meta_value><![CDATA[publish]]></wp:meta_value>
		</wp:postmeta>
							<wp:postmeta>
		<wp:meta_key><![CDATA[_wp_trash_meta_time]]></wp:meta_key>
		<wp:meta_value><![CDATA[1681173100]]></wp:meta_value>
		</wp:postmeta>
							<wp:postmeta>
		<wp:meta_key><![CDATA[_wp_desired_post_slug]]></wp:meta_key>
		<wp:meta_value><![CDATA[back-to-the-future]]></wp:meta_value>
		</wp:postmeta>
							</item>
					<item>
		<title><![CDATA[Psycho]]></title>
		<link>http://mdupont.dectim.net/pub/wp23/semaine_9/cinetim_3/?post_type=movies&#038;p=32</link>
		<pubDate>Thu, 31 Dec 1959 23:00:30 +0000</pubDate>
		<dc:creator><![CDATA[mathieu]]></dc:creator>
		<guid isPermaLink="false">https://jfleblanc.dectim.ca/cours/cw4/semaine08/?post_type=movies&#038;p=32</guid>
		<description></description>
		<content:encoded><![CDATA[A Phoenix secretary embezzles forty thousand dollars from her employer's client, goes on the run, and checks into a remote moteA Phoenix secretary embezzles forty thousand dollars from her employer's client, goes on the run, and checks into a remote motel run by a young man under the domination of his mother.l run by a young man under the domination of his mother.]]></content:encoded>
		<excerpt:encoded><![CDATA[]]></excerpt:encoded>
		<wp:post_id>32</wp:post_id>
		<wp:post_date><![CDATA[1960-01-01 00:00:30]]></wp:post_date>
		<wp:post_date_gmt><![CDATA[1959-12-31 23:00:30]]></wp:post_date_gmt>
		<wp:post_modified><![CDATA[2023-04-10 20:27:56]]></wp:post_modified>
		<wp:post_modified_gmt><![CDATA[2023-04-11 00:27:56]]></wp:post_modified_gmt>
		<wp:comment_status><![CDATA[closed]]></wp:comment_status>
		<wp:ping_status><![CDATA[closed]]></wp:ping_status>
		<wp:post_name><![CDATA[psycho__trashed]]></wp:post_name>
		<wp:status><![CDATA[trash]]></wp:status>
		<wp:post_parent>0</wp:post_parent>
		<wp:menu_order>0</wp:menu_order>
		<wp:post_type><![CDATA[movies]]></wp:post_type>
		<wp:post_password><![CDATA[]]></wp:post_password>
		<wp:is_sticky>0</wp:is_sticky>
										<category domain="category" nicename="horreur"><![CDATA[Horreur]]></category>
		<category domain="category" nicename="thriller"><![CDATA[Thriller]]></category>
						<wp:postmeta>
		<wp:meta_key><![CDATA[_edit_last]]></wp:meta_key>
		<wp:meta_value><![CDATA[1]]></wp:meta_value>
		</wp:postmeta>
							<wp:postmeta>
		<wp:meta_key><![CDATA[_thumbnail_id]]></wp:meta_key>
		<wp:meta_value><![CDATA[33]]></wp:meta_value>
		</wp:postmeta>
							<wp:postmeta>
		<wp:meta_key><![CDATA[_wp_old_date]]></wp:meta_key>
		<wp:meta_value><![CDATA[2020-03-11]]></wp:meta_value>
		</wp:postmeta>
							<wp:postmeta>
		<wp:meta_key><![CDATA[_wp_trash_meta_status]]></wp:meta_key>
		<wp:meta_value><![CDATA[publish]]></wp:meta_value>
		</wp:postmeta>
							<wp:postmeta>
		<wp:meta_key><![CDATA[_wp_trash_meta_time]]></wp:meta_key>
		<wp:meta_value><![CDATA[1681172876]]></wp:meta_value>
		</wp:postmeta>
							<wp:postmeta>
		<wp:meta_key><![CDATA[_wp_desired_post_slug]]></wp:meta_key>
		<wp:meta_value><![CDATA[psycho]]></wp:meta_value>
		</wp:postmeta>
							</item>
					<item>
		<title><![CDATA[Alien]]></title>
		<link>http://mdupont.dectim.net/pub/wp23/semaine_9/cinetim_3/movies/aliens/</link>
		<pubDate>Thu, 10 May 1979 22:00:54 +0000</pubDate>
		<dc:creator><![CDATA[mathieu]]></dc:creator>
		<guid isPermaLink="false">https://jfleblanc.dectim.ca/cours/cw4/semaine08/?post_type=movies&#038;p=36</guid>
		<description></description>
		<content:encoded><![CDATA[L'équipage d'un remorqueur de l'espace est appelé à explorer une planète inconnue où on a décelé des signes de vie. L'un des astronautes est attaqué par un organisme vivant aux apparences de poulpe qui s'attache à lui. L'homme est ramené à l'astronef qui s'éloigne rapidement mais la créature se transforme en un être dangereux. Elle échappe aux astronautes et se cache dans les coins sombres de l'immense vaisseau. Un à un, les voyageurs succombent à ses attaques jusqu'à ce qu'on trouve moyen de l'éliminer.]]></content:encoded>
		<excerpt:encoded><![CDATA[]]></excerpt:encoded>
		<wp:post_id>36</wp:post_id>
		<wp:post_date><![CDATA[1979-05-11 00:00:54]]></wp:post_date>
		<wp:post_date_gmt><![CDATA[1979-05-10 22:00:54]]></wp:post_date_gmt>
		<wp:post_modified><![CDATA[2023-04-11 02:01:34]]></wp:post_modified>
		<wp:post_modified_gmt><![CDATA[2023-04-11 06:01:34]]></wp:post_modified_gmt>
		<wp:comment_status><![CDATA[closed]]></wp:comment_status>
		<wp:ping_status><![CDATA[closed]]></wp:ping_status>
		<wp:post_name><![CDATA[aliens]]></wp:post_name>
		<wp:status><![CDATA[publish]]></wp:status>
		<wp:post_parent>0</wp:post_parent>
		<wp:menu_order>0</wp:menu_order>
		<wp:post_type><![CDATA[movies]]></wp:post_type>
		<wp:post_password><![CDATA[]]></wp:post_password>
		<wp:is_sticky>0</wp:is_sticky>
										<category domain="category" nicename="horreur"><![CDATA[Horreur]]></category>
		<category domain="category" nicename="science-fiction"><![CDATA[Science-Fiction]]></category>
						<wp:postmeta>
		<wp:meta_key><![CDATA[_edit_last]]></wp:meta_key>
		<wp:meta_value><![CDATA[1]]></wp:meta_value>
		</wp:postmeta>
							<wp:postmeta>
		<wp:meta_key><![CDATA[_thumbnail_id]]></wp:meta_key>
		<wp:meta_value><![CDATA[37]]></wp:meta_value>
		</wp:postmeta>
							<wp:postmeta>
		<wp:meta_key><![CDATA[_wp_old_date]]></wp:meta_key>
		<wp:meta_value><![CDATA[2020-03-11]]></wp:meta_value>
		</wp:postmeta>
							<wp:postmeta>
		<wp:meta_key><![CDATA[_wp_old_date]]></wp:meta_key>
		<wp:meta_value><![CDATA[1979-01-11]]></wp:meta_value>
		</wp:postmeta>
							<wp:postmeta>
		<wp:meta_key><![CDATA[cw4_film_realisateur]]></wp:meta_key>
		<wp:meta_value><![CDATA[]]></wp:meta_value>
		</wp:postmeta>
							<wp:postmeta>
		<wp:meta_key><![CDATA[_cw4_film_realisateur]]></wp:meta_key>
		<wp:meta_value><![CDATA[field_642396072e8b6]]></wp:meta_value>
		</wp:postmeta>
							<wp:postmeta>
		<wp:meta_key><![CDATA[cw4_film_acteurs]]></wp:meta_key>
		<wp:meta_value><![CDATA[]]></wp:meta_value>
		</wp:postmeta>
							<wp:postmeta>
		<wp:meta_key><![CDATA[_cw4_film_acteurs]]></wp:meta_key>
		<wp:meta_value><![CDATA[field_6434cf6011dfd]]></wp:meta_value>
		</wp:postmeta>
							<wp:postmeta>
		<wp:meta_key><![CDATA[cw4_film_image]]></wp:meta_key>
		<wp:meta_value><![CDATA[308]]></wp:meta_value>
		</wp:postmeta>
							<wp:postmeta>
		<wp:meta_key><![CDATA[_cw4_film_image]]></wp:meta_key>
		<wp:meta_value><![CDATA[field_64239b459567e]]></wp:meta_value>
		</wp:postmeta>
							<wp:postmeta>
		<wp:meta_key><![CDATA[cw4_film_note]]></wp:meta_key>
		<wp:meta_value><![CDATA[4]]></wp:meta_value>
		</wp:postmeta>
							<wp:postmeta>
		<wp:meta_key><![CDATA[_cw4_film_note]]></wp:meta_key>
		<wp:meta_value><![CDATA[field_6423986f51880]]></wp:meta_value>
		</wp:postmeta>
							<wp:postmeta>
		<wp:meta_key><![CDATA[cw4_film_blocs]]></wp:meta_key>
		<wp:meta_value><![CDATA[a:2:{i:0;s:16:"cw4_bloc_galerie";i:1;s:17:"cw4_bloc_critique";}]]></wp:meta_value>
		</wp:postmeta>
							<wp:postmeta>
		<wp:meta_key><![CDATA[_cw4_film_blocs]]></wp:meta_key>
		<wp:meta_value><![CDATA[field_6434b1858a995]]></wp:meta_value>
		</wp:postmeta>
							<wp:postmeta>
		<wp:meta_key><![CDATA[cw4_film_blocs_0_galerie_0_image]]></wp:meta_key>
		<wp:meta_value><![CDATA[308]]></wp:meta_value>
		</wp:postmeta>
							<wp:postmeta>
		<wp:meta_key><![CDATA[_cw4_film_blocs_0_galerie_0_image]]></wp:meta_key>
		<wp:meta_value><![CDATA[field_6434b2030455a]]></wp:meta_value>
		</wp:postmeta>
							<wp:postmeta>
		<wp:meta_key><![CDATA[cw4_film_blocs_0_galerie_1_image]]></wp:meta_key>
		<wp:meta_value><![CDATA[307]]></wp:meta_value>
		</wp:postmeta>
							<wp:postmeta>
		<wp:meta_key><![CDATA[_cw4_film_blocs_0_galerie_1_image]]></wp:meta_key>
		<wp:meta_value><![CDATA[field_6434b2030455a]]></wp:meta_value>
		</wp:postmeta>
							<wp:postmeta>
		<wp:meta_key><![CDATA[cw4_film_blocs_0_galerie]]></wp:meta_key>
		<wp:meta_value><![CDATA[2]]></wp:meta_value>
		</wp:postmeta>
							<wp:postmeta>
		<wp:meta_key><![CDATA[_cw4_film_blocs_0_galerie]]></wp:meta_key>
		<wp:meta_value><![CDATA[field_6434b1c034e72]]></wp:meta_value>
		</wp:postmeta>
							<wp:postmeta>
		<wp:meta_key><![CDATA[cw4_film_blocs_1_critique_0_titre]]></wp:meta_key>
		<wp:meta_value><![CDATA[Mediafilm]]></wp:meta_value>
		</wp:postmeta>
							<wp:postmeta>
		<wp:meta_key><![CDATA[_cw4_film_blocs_1_critique_0_titre]]></wp:meta_key>
		<wp:meta_value><![CDATA[field_6434b2ca6b704]]></wp:meta_value>
		</wp:postmeta>
							<wp:postmeta>
		<wp:meta_key><![CDATA[cw4_film_blocs_1_critique_0_extrait]]></wp:meta_key>
		<wp:meta_value><![CDATA[Après l'intéressante évocation historique de son premier film THE DUELLISTS, Ridley Scott se tourne vers l'avenir sans rien perdre de son talent pour la composition des images et la création du climat. Dans un drame de science-fiction aux touches horrifiques, il commence par suggérer un monde où l'exploration de l'espace est presque devenue routinière pour ensuite fabriquer un suspense à haute tension qui n'a rien à envier à JAWS. Son film s'impose tant par la force de ses effets de montage que par sa qualité picturale et le jeu convaincant des acteurs.]]></wp:meta_value>
		</wp:postmeta>
							<wp:postmeta>
		<wp:meta_key><![CDATA[_cw4_film_blocs_1_critique_0_extrait]]></wp:meta_key>
		<wp:meta_value><![CDATA[field_6434b2dc6b705]]></wp:meta_value>
		</wp:postmeta>
							<wp:postmeta>
		<wp:meta_key><![CDATA[cw4_film_blocs_1_critique_0_url]]></wp:meta_key>
		<wp:meta_value><![CDATA[https://mediafilm-ca.res.banq.qc.ca/1979/alien-le-huitieme-passager]]></wp:meta_value>
		</wp:postmeta>
							<wp:postmeta>
		<wp:meta_key><![CDATA[_cw4_film_blocs_1_critique_0_url]]></wp:meta_key>
		<wp:meta_value><![CDATA[field_6434b2f26b706]]></wp:meta_value>
		</wp:postmeta>
							<wp:postmeta>
		<wp:meta_key><![CDATA[cw4_film_blocs_1_critique]]></wp:meta_key>
		<wp:meta_value><![CDATA[3]]></wp:meta_value>
		</wp:postmeta>
							<wp:postmeta>
		<wp:meta_key><![CDATA[_cw4_film_blocs_1_critique]]></wp:meta_key>
		<wp:meta_value><![CDATA[field_6434b29283a8f]]></wp:meta_value>
		</wp:postmeta>
							<wp:postmeta>
		<wp:meta_key><![CDATA[cw4_film_blocs_1_critique_1_titre]]></wp:meta_key>
		<wp:meta_value><![CDATA[Mediafilm 2]]></wp:meta_value>
		</wp:postmeta>
							<wp:postmeta>
		<wp:meta_key><![CDATA[_cw4_film_blocs_1_critique_1_titre]]></wp:meta_key>
		<wp:meta_value><![CDATA[field_6434b2ca6b704]]></wp:meta_value>
		</wp:postmeta>
							<wp:postmeta>
		<wp:meta_key><![CDATA[cw4_film_blocs_1_critique_1_extrait]]></wp:meta_key>
		<wp:meta_value><![CDATA[Après l'intéressante évocation historique de son premier film THE DUELLISTS, Ridley Scott se tourne vers l'avenir sans rien perdre de son talent pour la composition des images et la création du climat. Dans un drame de science-fiction aux touches horrifiques, il commence par suggérer un monde où l'exploration de l'espace est presque devenue routinière pour ensuite fabriquer un suspense à haute tension qui n'a rien à envier à JAWS. Son film s'impose tant par la force de ses effets de montage que par sa qualité picturale et le jeu convaincant des acteurs.]]></wp:meta_value>
		</wp:postmeta>
							<wp:postmeta>
		<wp:meta_key><![CDATA[_cw4_film_blocs_1_critique_1_extrait]]></wp:meta_key>
		<wp:meta_value><![CDATA[field_6434b2dc6b705]]></wp:meta_value>
		</wp:postmeta>
							<wp:postmeta>
		<wp:meta_key><![CDATA[cw4_film_blocs_1_critique_1_url]]></wp:meta_key>
		<wp:meta_value><![CDATA[https://mediafilm-ca.res.banq.qc.ca/1979/alien-le-huitieme-passager]]></wp:meta_value>
		</wp:postmeta>
							<wp:postmeta>
		<wp:meta_key><![CDATA[_cw4_film_blocs_1_critique_1_url]]></wp:meta_key>
		<wp:meta_value><![CDATA[field_6434b2f26b706]]></wp:meta_value>
		</wp:postmeta>
							<wp:postmeta>
		<wp:meta_key><![CDATA[cw4_film_blocs_1_critique_2_titre]]></wp:meta_key>
		<wp:meta_value><![CDATA[Mediafilm 3]]></wp:meta_value>
		</wp:postmeta>
							<wp:postmeta>
		<wp:meta_key><![CDATA[_cw4_film_blocs_1_critique_2_titre]]></wp:meta_key>
		<wp:meta_value><![CDATA[field_6434b2ca6b704]]></wp:meta_value>
		</wp:postmeta>
							<wp:postmeta>
		<wp:meta_key><![CDATA[cw4_film_blocs_1_critique_2_extrait]]></wp:meta_key>
		<wp:meta_value><![CDATA[Après l'intéressante évocation historique de son premier film THE DUELLISTS, Ridley Scott se tourne vers l'avenir sans rien perdre de son talent pour la composition des images et la création du climat. Dans un drame de science-fiction aux touches horrifiques, il commence par suggérer un monde où l'exploration de l'espace est presque devenue routinière pour ensuite fabriquer un suspense à haute tension qui n'a rien à envier à JAWS. Son film s'impose tant par la force de ses effets de montage que par sa qualité picturale et le jeu convaincant des acteurs.]]></wp:meta_value>
		</wp:postmeta>
							<wp:postmeta>
		<wp:meta_key><![CDATA[_cw4_film_blocs_1_critique_2_extrait]]></wp:meta_key>
		<wp:meta_value><![CDATA[field_6434b2dc6b705]]></wp:meta_value>
		</wp:postmeta>
							<wp:postmeta>
		<wp:meta_key><![CDATA[cw4_film_blocs_1_critique_2_url]]></wp:meta_key>
		<wp:meta_value><![CDATA[https://mediafilm-ca.res.banq.qc.ca/1979/alien-le-huitieme-passager]]></wp:meta_value>
		</wp:postmeta>
							<wp:postmeta>
		<wp:meta_key><![CDATA[_cw4_film_blocs_1_critique_2_url]]></wp:meta_key>
		<wp:meta_value><![CDATA[field_6434b2f26b706]]></wp:meta_value>
		</wp:postmeta>
							<wp:postmeta>
		<wp:meta_key><![CDATA[cw4_films_journee_de_presentation]]></wp:meta_key>
		<wp:meta_value><![CDATA[Jour 2]]></wp:meta_value>
		</wp:postmeta>
							<wp:postmeta>
		<wp:meta_key><![CDATA[_cw4_films_journee_de_presentation]]></wp:meta_key>
		<wp:meta_value><![CDATA[field_6434f6a9b779e]]></wp:meta_value>
		</wp:postmeta>
							</item>
					<item>
		<title><![CDATA[Raiders of the Lost Ark]]></title>
		<link>http://mdupont.dectim.net/pub/wp23/semaine_9/cinetim_3/?post_type=movies&#038;p=38</link>
		<pubDate>Wed, 31 Dec 1980 23:00:37 +0000</pubDate>
		<dc:creator><![CDATA[mathieu]]></dc:creator>
		<guid isPermaLink="false">https://jfleblanc.dectim.ca/cours/cw4/semaine08/?post_type=movies&#038;p=38</guid>
		<description></description>
		<content:encoded><![CDATA[In 1936, archaeologist and adventurer Indiana Jones is hired by the U.S. government to find the Ark of the Covenant before&nbsp;<a href="https://www.imdb.com/name/nm0386944/?ref_=">Adolf Hitler</a>'s Nazis can obtain its awesome powers.]]></content:encoded>
		<excerpt:encoded><![CDATA[]]></excerpt:encoded>
		<wp:post_id>38</wp:post_id>
		<wp:post_date><![CDATA[1981-01-01 00:00:37]]></wp:post_date>
		<wp:post_date_gmt><![CDATA[1980-12-31 23:00:37]]></wp:post_date_gmt>
		<wp:post_modified><![CDATA[2023-04-10 20:27:44]]></wp:post_modified>
		<wp:post_modified_gmt><![CDATA[2023-04-11 00:27:44]]></wp:post_modified_gmt>
		<wp:comment_status><![CDATA[closed]]></wp:comment_status>
		<wp:ping_status><![CDATA[closed]]></wp:ping_status>
		<wp:post_name><![CDATA[raiders-of-the-lost-ark__trashed]]></wp:post_name>
		<wp:status><![CDATA[trash]]></wp:status>
		<wp:post_parent>0</wp:post_parent>
		<wp:menu_order>0</wp:menu_order>
		<wp:post_type><![CDATA[movies]]></wp:post_type>
		<wp:post_password><![CDATA[]]></wp:post_password>
		<wp:is_sticky>0</wp:is_sticky>
										<category domain="category" nicename="action"><![CDATA[Action]]></category>
		<category domain="category" nicename="aventure"><![CDATA[Aventure]]></category>
						<wp:postmeta>
		<wp:meta_key><![CDATA[_edit_last]]></wp:meta_key>
		<wp:meta_value><![CDATA[1]]></wp:meta_value>
		</wp:postmeta>
							<wp:postmeta>
		<wp:meta_key><![CDATA[_thumbnail_id]]></wp:meta_key>
		<wp:meta_value><![CDATA[39]]></wp:meta_value>
		</wp:postmeta>
							<wp:postmeta>
		<wp:meta_key><![CDATA[_wp_old_date]]></wp:meta_key>
		<wp:meta_value><![CDATA[2020-03-11]]></wp:meta_value>
		</wp:postmeta>
							<wp:postmeta>
		<wp:meta_key><![CDATA[cw4_film_realisateur]]></wp:meta_key>
		<wp:meta_value><![CDATA[127]]></wp:meta_value>
		</wp:postmeta>
							<wp:postmeta>
		<wp:meta_key><![CDATA[_cw4_film_realisateur]]></wp:meta_key>
		<wp:meta_value><![CDATA[field_642396072e8b6]]></wp:meta_value>
		</wp:postmeta>
							<wp:postmeta>
		<wp:meta_key><![CDATA[cw4_film_acteurs]]></wp:meta_key>
		<wp:meta_value><![CDATA[]]></wp:meta_value>
		</wp:postmeta>
							<wp:postmeta>
		<wp:meta_key><![CDATA[_cw4_film_acteurs]]></wp:meta_key>
		<wp:meta_value><![CDATA[field_6423964c55389]]></wp:meta_value>
		</wp:postmeta>
							<wp:postmeta>
		<wp:meta_key><![CDATA[cw4_film_image]]></wp:meta_key>
		<wp:meta_value><![CDATA[223]]></wp:meta_value>
		</wp:postmeta>
							<wp:postmeta>
		<wp:meta_key><![CDATA[_cw4_film_image]]></wp:meta_key>
		<wp:meta_value><![CDATA[field_64239b459567e]]></wp:meta_value>
		</wp:postmeta>
							<wp:postmeta>
		<wp:meta_key><![CDATA[cw4_film_note]]></wp:meta_key>
		<wp:meta_value><![CDATA[1]]></wp:meta_value>
		</wp:postmeta>
							<wp:postmeta>
		<wp:meta_key><![CDATA[_cw4_film_note]]></wp:meta_key>
		<wp:meta_value><![CDATA[field_6423986f51880]]></wp:meta_value>
		</wp:postmeta>
							<wp:postmeta>
		<wp:meta_key><![CDATA[_wp_trash_meta_status]]></wp:meta_key>
		<wp:meta_value><![CDATA[publish]]></wp:meta_value>
		</wp:postmeta>
							<wp:postmeta>
		<wp:meta_key><![CDATA[_wp_trash_meta_time]]></wp:meta_key>
		<wp:meta_value><![CDATA[1681172864]]></wp:meta_value>
		</wp:postmeta>
							<wp:postmeta>
		<wp:meta_key><![CDATA[_wp_desired_post_slug]]></wp:meta_key>
		<wp:meta_value><![CDATA[raiders-of-the-lost-ark]]></wp:meta_value>
		</wp:postmeta>
							</item>
					<item>
		<title><![CDATA[The Shining]]></title>
		<link>http://mdupont.dectim.net/pub/wp23/semaine_9/cinetim_3/?post_type=movies&#038;p=40</link>
		<pubDate>Mon, 31 Dec 1979 23:00:23 +0000</pubDate>
		<dc:creator><![CDATA[mathieu]]></dc:creator>
		<guid isPermaLink="false">https://jfleblanc.dectim.ca/cours/cw4/semaine08/?post_type=movies&#038;p=40</guid>
		<description></description>
		<content:encoded><![CDATA[A family heads to an isolated hotel for the winter where a sinister presence influences the father into violence, while his psychic son sees horrific forebodings from both past and future.]]></content:encoded>
		<excerpt:encoded><![CDATA[]]></excerpt:encoded>
		<wp:post_id>40</wp:post_id>
		<wp:post_date><![CDATA[1980-01-01 00:00:23]]></wp:post_date>
		<wp:post_date_gmt><![CDATA[1979-12-31 23:00:23]]></wp:post_date_gmt>
		<wp:post_modified><![CDATA[2023-04-10 20:34:29]]></wp:post_modified>
		<wp:post_modified_gmt><![CDATA[2023-04-11 00:34:29]]></wp:post_modified_gmt>
		<wp:comment_status><![CDATA[closed]]></wp:comment_status>
		<wp:ping_status><![CDATA[closed]]></wp:ping_status>
		<wp:post_name><![CDATA[the-shining__trashed]]></wp:post_name>
		<wp:status><![CDATA[trash]]></wp:status>
		<wp:post_parent>0</wp:post_parent>
		<wp:menu_order>0</wp:menu_order>
		<wp:post_type><![CDATA[movies]]></wp:post_type>
		<wp:post_password><![CDATA[]]></wp:post_password>
		<wp:is_sticky>0</wp:is_sticky>
										<category domain="category" nicename="drame"><![CDATA[Drame]]></category>
		<category domain="category" nicename="horreur"><![CDATA[Horreur]]></category>
						<wp:postmeta>
		<wp:meta_key><![CDATA[_edit_last]]></wp:meta_key>
		<wp:meta_value><![CDATA[1]]></wp:meta_value>
		</wp:postmeta>
							<wp:postmeta>
		<wp:meta_key><![CDATA[_thumbnail_id]]></wp:meta_key>
		<wp:meta_value><![CDATA[41]]></wp:meta_value>
		</wp:postmeta>
							<wp:postmeta>
		<wp:meta_key><![CDATA[_wp_old_date]]></wp:meta_key>
		<wp:meta_value><![CDATA[2020-03-11]]></wp:meta_value>
		</wp:postmeta>
							<wp:postmeta>
		<wp:meta_key><![CDATA[_wp_trash_meta_status]]></wp:meta_key>
		<wp:meta_value><![CDATA[publish]]></wp:meta_value>
		</wp:postmeta>
							<wp:postmeta>
		<wp:meta_key><![CDATA[_wp_trash_meta_time]]></wp:meta_key>
		<wp:meta_value><![CDATA[1681173269]]></wp:meta_value>
		</wp:postmeta>
							<wp:postmeta>
		<wp:meta_key><![CDATA[_wp_desired_post_slug]]></wp:meta_key>
		<wp:meta_value><![CDATA[the-shining]]></wp:meta_value>
		</wp:postmeta>
							</item>
					<item>
		<title><![CDATA[Spider-Man: Into the Spider-Verse]]></title>
		<link>http://mdupont.dectim.net/pub/wp23/semaine_9/cinetim_3/?post_type=movies&#038;p=42</link>
		<pubDate>Sun, 31 Dec 2017 23:00:34 +0000</pubDate>
		<dc:creator><![CDATA[mathieu]]></dc:creator>
		<guid isPermaLink="false">https://jfleblanc.dectim.ca/cours/cw4/semaine08/?post_type=movies&#038;p=42</guid>
		<description></description>
		<content:encoded><![CDATA[Teen Miles Morales becomes Spider-Man of his reality, crossing his path with five counterparts from other dimensions to stop a threat for all realities.]]></content:encoded>
		<excerpt:encoded><![CDATA[]]></excerpt:encoded>
		<wp:post_id>42</wp:post_id>
		<wp:post_date><![CDATA[2018-01-01 00:00:34]]></wp:post_date>
		<wp:post_date_gmt><![CDATA[2017-12-31 23:00:34]]></wp:post_date_gmt>
		<wp:post_modified><![CDATA[2023-04-10 20:26:56]]></wp:post_modified>
		<wp:post_modified_gmt><![CDATA[2023-04-11 00:26:56]]></wp:post_modified_gmt>
		<wp:comment_status><![CDATA[closed]]></wp:comment_status>
		<wp:ping_status><![CDATA[closed]]></wp:ping_status>
		<wp:post_name><![CDATA[spider-man-into-the-spider-verse__trashed]]></wp:post_name>
		<wp:status><![CDATA[trash]]></wp:status>
		<wp:post_parent>0</wp:post_parent>
		<wp:menu_order>0</wp:menu_order>
		<wp:post_type><![CDATA[movies]]></wp:post_type>
		<wp:post_password><![CDATA[]]></wp:post_password>
		<wp:is_sticky>0</wp:is_sticky>
										<category domain="category" nicename="action"><![CDATA[Action]]></category>
		<category domain="category" nicename="aventure"><![CDATA[Aventure]]></category>
						<wp:postmeta>
		<wp:meta_key><![CDATA[_edit_last]]></wp:meta_key>
		<wp:meta_value><![CDATA[1]]></wp:meta_value>
		</wp:postmeta>
							<wp:postmeta>
		<wp:meta_key><![CDATA[_thumbnail_id]]></wp:meta_key>
		<wp:meta_value><![CDATA[43]]></wp:meta_value>
		</wp:postmeta>
							<wp:postmeta>
		<wp:meta_key><![CDATA[_wp_old_date]]></wp:meta_key>
		<wp:meta_value><![CDATA[2020-03-11]]></wp:meta_value>
		</wp:postmeta>
							<wp:postmeta>
		<wp:meta_key><![CDATA[_wp_trash_meta_status]]></wp:meta_key>
		<wp:meta_value><![CDATA[publish]]></wp:meta_value>
		</wp:postmeta>
							<wp:postmeta>
		<wp:meta_key><![CDATA[_wp_trash_meta_time]]></wp:meta_key>
		<wp:meta_value><![CDATA[1681172816]]></wp:meta_value>
		</wp:postmeta>
							<wp:postmeta>
		<wp:meta_key><![CDATA[_wp_desired_post_slug]]></wp:meta_key>
		<wp:meta_value><![CDATA[spider-man-into-the-spider-verse]]></wp:meta_value>
		</wp:postmeta>
							</item>
					<item>
		<title><![CDATA[Princess Mononoke]]></title>
		<link>http://mdupont.dectim.net/pub/wp23/semaine_9/cinetim_3/?post_type=movies&#038;p=44</link>
		<pubDate>Tue, 31 Dec 1996 23:00:21 +0000</pubDate>
		<dc:creator><![CDATA[mathieu]]></dc:creator>
		<guid isPermaLink="false">https://jfleblanc.dectim.ca/cours/cw4/semaine08/?post_type=movies&#038;p=44</guid>
		<description></description>
		<content:encoded><![CDATA[On a journey to find the cure for a Tatarigami's curse, Ashitaka finds himself in the middle of a war between the forest gods and Tatara, a mining colony. In this quest he also meets San, the Mononoke Hime.]]></content:encoded>
		<excerpt:encoded><![CDATA[]]></excerpt:encoded>
		<wp:post_id>44</wp:post_id>
		<wp:post_date><![CDATA[1997-01-01 00:00:21]]></wp:post_date>
		<wp:post_date_gmt><![CDATA[1996-12-31 23:00:21]]></wp:post_date_gmt>
		<wp:post_modified><![CDATA[2023-04-10 20:30:49]]></wp:post_modified>
		<wp:post_modified_gmt><![CDATA[2023-04-11 00:30:49]]></wp:post_modified_gmt>
		<wp:comment_status><![CDATA[closed]]></wp:comment_status>
		<wp:ping_status><![CDATA[closed]]></wp:ping_status>
		<wp:post_name><![CDATA[princess-mononoke__trashed]]></wp:post_name>
		<wp:status><![CDATA[trash]]></wp:status>
		<wp:post_parent>0</wp:post_parent>
		<wp:menu_order>0</wp:menu_order>
		<wp:post_type><![CDATA[movies]]></wp:post_type>
		<wp:post_password><![CDATA[]]></wp:post_password>
		<wp:is_sticky>0</wp:is_sticky>
										<category domain="category" nicename="aventure"><![CDATA[Aventure]]></category>
						<wp:postmeta>
		<wp:meta_key><![CDATA[_edit_last]]></wp:meta_key>
		<wp:meta_value><![CDATA[1]]></wp:meta_value>
		</wp:postmeta>
							<wp:postmeta>
		<wp:meta_key><![CDATA[_thumbnail_id]]></wp:meta_key>
		<wp:meta_value><![CDATA[45]]></wp:meta_value>
		</wp:postmeta>
							<wp:postmeta>
		<wp:meta_key><![CDATA[_wp_old_date]]></wp:meta_key>
		<wp:meta_value><![CDATA[2020-03-11]]></wp:meta_value>
		</wp:postmeta>
							<wp:postmeta>
		<wp:meta_key><![CDATA[_wp_trash_meta_status]]></wp:meta_key>
		<wp:meta_value><![CDATA[publish]]></wp:meta_value>
		</wp:postmeta>
							<wp:postmeta>
		<wp:meta_key><![CDATA[_wp_trash_meta_time]]></wp:meta_key>
		<wp:meta_value><![CDATA[1681173049]]></wp:meta_value>
		</wp:postmeta>
							<wp:postmeta>
		<wp:meta_key><![CDATA[_wp_desired_post_slug]]></wp:meta_key>
		<wp:meta_value><![CDATA[princess-mononoke]]></wp:meta_value>
		</wp:postmeta>
							</item>
					<item>
		<title><![CDATA[The Shawshank Redemption]]></title>
		<link>http://mdupont.dectim.net/pub/wp23/semaine_9/cinetim_3/?post_type=movies&#038;p=46</link>
		<pubDate>Fri, 31 Dec 1993 23:00:55 +0000</pubDate>
		<dc:creator><![CDATA[mathieu]]></dc:creator>
		<guid isPermaLink="false">https://jfleblanc.dectim.ca/cours/cw4/semaine08/?post_type=movies&#038;p=6</guid>
		<description></description>
		<content:encoded><![CDATA[Two imprisoned men bond over a number of years, finding solace and eventual redemption through acts of common decency.]]></content:encoded>
		<excerpt:encoded><![CDATA[]]></excerpt:encoded>
		<wp:post_id>46</wp:post_id>
		<wp:post_date><![CDATA[1994-01-01 00:00:55]]></wp:post_date>
		<wp:post_date_gmt><![CDATA[1993-12-31 23:00:55]]></wp:post_date_gmt>
		<wp:post_modified><![CDATA[2023-04-10 20:31:29]]></wp:post_modified>
		<wp:post_modified_gmt><![CDATA[2023-04-11 00:31:29]]></wp:post_modified_gmt>
		<wp:comment_status><![CDATA[closed]]></wp:comment_status>
		<wp:ping_status><![CDATA[closed]]></wp:ping_status>
		<wp:post_name><![CDATA[the-shawshank-redemption__trashed]]></wp:post_name>
		<wp:status><![CDATA[trash]]></wp:status>
		<wp:post_parent>0</wp:post_parent>
		<wp:menu_order>0</wp:menu_order>
		<wp:post_type><![CDATA[movies]]></wp:post_type>
		<wp:post_password><![CDATA[]]></wp:post_password>
		<wp:is_sticky>0</wp:is_sticky>
										<category domain="category" nicename="drame"><![CDATA[Drame]]></category>
						<wp:postmeta>
		<wp:meta_key><![CDATA[_edit_last]]></wp:meta_key>
		<wp:meta_value><![CDATA[1]]></wp:meta_value>
		</wp:postmeta>
							<wp:postmeta>
		<wp:meta_key><![CDATA[_thumbnail_id]]></wp:meta_key>
		<wp:meta_value><![CDATA[9]]></wp:meta_value>
		</wp:postmeta>
							<wp:postmeta>
		<wp:meta_key><![CDATA[_wp_old_date]]></wp:meta_key>
		<wp:meta_value><![CDATA[2020-03-11]]></wp:meta_value>
		</wp:postmeta>
							<wp:postmeta>
		<wp:meta_key><![CDATA[_wp_trash_meta_status]]></wp:meta_key>
		<wp:meta_value><![CDATA[publish]]></wp:meta_value>
		</wp:postmeta>
							<wp:postmeta>
		<wp:meta_key><![CDATA[_wp_trash_meta_time]]></wp:meta_key>
		<wp:meta_value><![CDATA[1681173089]]></wp:meta_value>
		</wp:postmeta>
							<wp:postmeta>
		<wp:meta_key><![CDATA[_wp_desired_post_slug]]></wp:meta_key>
		<wp:meta_value><![CDATA[the-shawshank-redemption]]></wp:meta_value>
		</wp:postmeta>
							</item>
					<item>
		<title><![CDATA[The Godfather]]></title>
		<link>http://mdupont.dectim.net/pub/wp23/semaine_9/cinetim_3/?post_type=movies&#038;p=47</link>
		<pubDate>Fri, 31 Dec 1971 23:00:25 +0000</pubDate>
		<dc:creator><![CDATA[mathieu]]></dc:creator>
		<guid isPermaLink="false">https://jfleblanc.dectim.ca/cours/cw4/semaine08/?post_type=movies&#038;p=8</guid>
		<description></description>
		<content:encoded><![CDATA[The aging patriarch of an organized crime dynasty transfers control of his clandestine empire to his reluctant son.]]></content:encoded>
		<excerpt:encoded><![CDATA[]]></excerpt:encoded>
		<wp:post_id>47</wp:post_id>
		<wp:post_date><![CDATA[1972-01-01 00:00:25]]></wp:post_date>
		<wp:post_date_gmt><![CDATA[1971-12-31 23:00:25]]></wp:post_date_gmt>
		<wp:post_modified><![CDATA[2023-04-10 20:34:32]]></wp:post_modified>
		<wp:post_modified_gmt><![CDATA[2023-04-11 00:34:32]]></wp:post_modified_gmt>
		<wp:comment_status><![CDATA[closed]]></wp:comment_status>
		<wp:ping_status><![CDATA[closed]]></wp:ping_status>
		<wp:post_name><![CDATA[the-godfather__trashed]]></wp:post_name>
		<wp:status><![CDATA[trash]]></wp:status>
		<wp:post_parent>0</wp:post_parent>
		<wp:menu_order>0</wp:menu_order>
		<wp:post_type><![CDATA[movies]]></wp:post_type>
		<wp:post_password><![CDATA[]]></wp:post_password>
		<wp:is_sticky>0</wp:is_sticky>
										<category domain="category" nicename="crime"><![CDATA[Crime]]></category>
		<category domain="category" nicename="drame"><![CDATA[Drame]]></category>
						<wp:postmeta>
		<wp:meta_key><![CDATA[_edit_last]]></wp:meta_key>
		<wp:meta_value><![CDATA[1]]></wp:meta_value>
		</wp:postmeta>
							<wp:postmeta>
		<wp:meta_key><![CDATA[_thumbnail_id]]></wp:meta_key>
		<wp:meta_value><![CDATA[10]]></wp:meta_value>
		</wp:postmeta>
							<wp:postmeta>
		<wp:meta_key><![CDATA[_wp_old_date]]></wp:meta_key>
		<wp:meta_value><![CDATA[2020-03-11]]></wp:meta_value>
		</wp:postmeta>
							<wp:postmeta>
		<wp:meta_key><![CDATA[cw4_film_realisateur]]></wp:meta_key>
		<wp:meta_value><![CDATA[]]></wp:meta_value>
		</wp:postmeta>
							<wp:postmeta>
		<wp:meta_key><![CDATA[_cw4_film_realisateur]]></wp:meta_key>
		<wp:meta_value><![CDATA[field_642396072e8b6]]></wp:meta_value>
		</wp:postmeta>
							<wp:postmeta>
		<wp:meta_key><![CDATA[cw4_film_acteurs]]></wp:meta_key>
		<wp:meta_value><![CDATA[Marlon Brando
Al Pacino]]></wp:meta_value>
		</wp:postmeta>
							<wp:postmeta>
		<wp:meta_key><![CDATA[_cw4_film_acteurs]]></wp:meta_key>
		<wp:meta_value><![CDATA[field_6423964c55389]]></wp:meta_value>
		</wp:postmeta>
							<wp:postmeta>
		<wp:meta_key><![CDATA[cw4_film_image]]></wp:meta_key>
		<wp:meta_value><![CDATA[309]]></wp:meta_value>
		</wp:postmeta>
							<wp:postmeta>
		<wp:meta_key><![CDATA[_cw4_film_image]]></wp:meta_key>
		<wp:meta_value><![CDATA[field_64239b459567e]]></wp:meta_value>
		</wp:postmeta>
							<wp:postmeta>
		<wp:meta_key><![CDATA[cw4_film_note]]></wp:meta_key>
		<wp:meta_value><![CDATA[4]]></wp:meta_value>
		</wp:postmeta>
							<wp:postmeta>
		<wp:meta_key><![CDATA[_cw4_film_note]]></wp:meta_key>
		<wp:meta_value><![CDATA[field_6423986f51880]]></wp:meta_value>
		</wp:postmeta>
							<wp:postmeta>
		<wp:meta_key><![CDATA[_wp_trash_meta_status]]></wp:meta_key>
		<wp:meta_value><![CDATA[publish]]></wp:meta_value>
		</wp:postmeta>
							<wp:postmeta>
		<wp:meta_key><![CDATA[_wp_trash_meta_time]]></wp:meta_key>
		<wp:meta_value><![CDATA[1681173272]]></wp:meta_value>
		</wp:postmeta>
							<wp:postmeta>
		<wp:meta_key><![CDATA[_wp_desired_post_slug]]></wp:meta_key>
		<wp:meta_value><![CDATA[the-godfather]]></wp:meta_value>
		</wp:postmeta>
							</item>
					<item>
		<title><![CDATA[The Dark Knight]]></title>
		<link>http://mdupont.dectim.net/pub/wp23/semaine_9/cinetim_3/?post_type=movies&#038;p=48</link>
		<pubDate>Mon, 31 Dec 2007 23:00:33 +0000</pubDate>
		<dc:creator><![CDATA[mathieu]]></dc:creator>
		<guid isPermaLink="false">https://jfleblanc.dectim.ca/cours/cw4/semaine08/?post_type=movies&#038;p=10</guid>
		<description></description>
		<content:encoded><![CDATA[When the menace known as the Joker wreaks havoc and chaos on the people of Gotham, Batman must accept one of the greatest psychological and physical tests of his ability to fight injustice.]]></content:encoded>
		<excerpt:encoded><![CDATA[]]></excerpt:encoded>
		<wp:post_id>48</wp:post_id>
		<wp:post_date><![CDATA[2008-01-01 00:00:33]]></wp:post_date>
		<wp:post_date_gmt><![CDATA[2007-12-31 23:00:33]]></wp:post_date_gmt>
		<wp:post_modified><![CDATA[2023-04-10 20:27:14]]></wp:post_modified>
		<wp:post_modified_gmt><![CDATA[2023-04-11 00:27:14]]></wp:post_modified_gmt>
		<wp:comment_status><![CDATA[closed]]></wp:comment_status>
		<wp:ping_status><![CDATA[closed]]></wp:ping_status>
		<wp:post_name><![CDATA[the-dark-knight__trashed]]></wp:post_name>
		<wp:status><![CDATA[trash]]></wp:status>
		<wp:post_parent>0</wp:post_parent>
		<wp:menu_order>0</wp:menu_order>
		<wp:post_type><![CDATA[movies]]></wp:post_type>
		<wp:post_password><![CDATA[]]></wp:post_password>
		<wp:is_sticky>0</wp:is_sticky>
										<category domain="category" nicename="action"><![CDATA[Action]]></category>
		<category domain="category" nicename="crime"><![CDATA[Crime]]></category>
		<category domain="category" nicename="drame"><![CDATA[Drame]]></category>
						<wp:postmeta>
		<wp:meta_key><![CDATA[_edit_last]]></wp:meta_key>
		<wp:meta_value><![CDATA[1]]></wp:meta_value>
		</wp:postmeta>
							<wp:postmeta>
		<wp:meta_key><![CDATA[_thumbnail_id]]></wp:meta_key>
		<wp:meta_value><![CDATA[11]]></wp:meta_value>
		</wp:postmeta>
							<wp:postmeta>
		<wp:meta_key><![CDATA[_wp_old_date]]></wp:meta_key>
		<wp:meta_value><![CDATA[2020-03-11]]></wp:meta_value>
		</wp:postmeta>
							<wp:postmeta>
		<wp:meta_key><![CDATA[_wp_trash_meta_status]]></wp:meta_key>
		<wp:meta_value><![CDATA[publish]]></wp:meta_value>
		</wp:postmeta>
							<wp:postmeta>
		<wp:meta_key><![CDATA[_wp_trash_meta_time]]></wp:meta_key>
		<wp:meta_value><![CDATA[1681172834]]></wp:meta_value>
		</wp:postmeta>
							<wp:postmeta>
		<wp:meta_key><![CDATA[_wp_desired_post_slug]]></wp:meta_key>
		<wp:meta_value><![CDATA[the-dark-knight]]></wp:meta_value>
		</wp:postmeta>
							</item>
					<item>
		<title><![CDATA[Arrival]]></title>
		<link>http://mdupont.dectim.net/pub/wp23/semaine_9/cinetim_3/movies/arrival/</link>
		<pubDate>Mon, 11 Apr 2016 01:37:00 +0000</pubDate>
		<dc:creator><![CDATA[mathieu]]></dc:creator>
		<guid isPermaLink="false">http://mdupont.dectim.net/pub/wp23/semaine_9/cinetim_3/?post_type=movies&#038;p=329</guid>
		<description></description>
		<content:encoded><![CDATA[<!-- wp:paragraph -->
<p>Le monde entier retient son souffle lorsque des vaisseaux venus d'une autre planète apparaissent subitement dans douze sites différents du globe. Les autorités ne savent comment interpréter la présence de ces immenses ovnis de forme oblongue, suspendus à quelques mètres du sol. Afin d'établir le contact avec l'équipage de celui qui est dressé au-dessus d'une plaine du Montana, l'armée américaine fait appel à la docteure Louise Banks, linguiste réputée. À bord du vaisseau défiant les lois de la gravité, Louise et le mathématicien Ian Donnelly tentent de jeter les bases d'un dialogue avec les extraterrestres. Ceux-ci ont l'apparence de gigantesques pieuvres, qui s'expriment en vaporisant une encre volatile qui, en suspension dans l'air, forme des symboles complexes. Au fil des rencontres, une certaine compréhension mutuelle commence à poindre, jusqu'à ce qu'un mot mal choisi fasse grimper la tension entre les deux camps. Ces visiteurs sont-ils amicaux ou hostiles? Autour du monde, les avis sont partagés et la Chine, que le mystère rend nerveuse, leur lance un ultimatum.</p>
<!-- /wp:paragraph -->]]></content:encoded>
		<excerpt:encoded><![CDATA[]]></excerpt:encoded>
		<wp:post_id>329</wp:post_id>
		<wp:post_date><![CDATA[2016-04-10 21:37:00]]></wp:post_date>
		<wp:post_date_gmt><![CDATA[2016-04-11 01:37:00]]></wp:post_date_gmt>
		<wp:post_modified><![CDATA[2023-04-11 02:01:08]]></wp:post_modified>
		<wp:post_modified_gmt><![CDATA[2023-04-11 06:01:08]]></wp:post_modified_gmt>
		<wp:comment_status><![CDATA[closed]]></wp:comment_status>
		<wp:ping_status><![CDATA[closed]]></wp:ping_status>
		<wp:post_name><![CDATA[arrival]]></wp:post_name>
		<wp:status><![CDATA[publish]]></wp:status>
		<wp:post_parent>0</wp:post_parent>
		<wp:menu_order>0</wp:menu_order>
		<wp:post_type><![CDATA[movies]]></wp:post_type>
		<wp:post_password><![CDATA[]]></wp:post_password>
		<wp:is_sticky>0</wp:is_sticky>
										<category domain="category" nicename="science-fiction"><![CDATA[Science-Fiction]]></category>
						<wp:postmeta>
		<wp:meta_key><![CDATA[_edit_last]]></wp:meta_key>
		<wp:meta_value><![CDATA[1]]></wp:meta_value>
		</wp:postmeta>
							<wp:postmeta>
		<wp:meta_key><![CDATA[cw4_film_realisateur]]></wp:meta_key>
		<wp:meta_value><![CDATA[129]]></wp:meta_value>
		</wp:postmeta>
							<wp:postmeta>
		<wp:meta_key><![CDATA[_cw4_film_realisateur]]></wp:meta_key>
		<wp:meta_value><![CDATA[field_642396072e8b6]]></wp:meta_value>
		</wp:postmeta>
							<wp:postmeta>
		<wp:meta_key><![CDATA[cw4_film_image]]></wp:meta_key>
		<wp:meta_value><![CDATA[219]]></wp:meta_value>
		</wp:postmeta>
							<wp:postmeta>
		<wp:meta_key><![CDATA[_cw4_film_image]]></wp:meta_key>
		<wp:meta_value><![CDATA[field_64239b459567e]]></wp:meta_value>
		</wp:postmeta>
							<wp:postmeta>
		<wp:meta_key><![CDATA[cw4_film_note]]></wp:meta_key>
		<wp:meta_value><![CDATA[4]]></wp:meta_value>
		</wp:postmeta>
							<wp:postmeta>
		<wp:meta_key><![CDATA[_cw4_film_note]]></wp:meta_key>
		<wp:meta_value><![CDATA[field_6423986f51880]]></wp:meta_value>
		</wp:postmeta>
							<wp:postmeta>
		<wp:meta_key><![CDATA[cw4_film_blocs_0_galerie_0_image]]></wp:meta_key>
		<wp:meta_value><![CDATA[219]]></wp:meta_value>
		</wp:postmeta>
							<wp:postmeta>
		<wp:meta_key><![CDATA[_cw4_film_blocs_0_galerie_0_image]]></wp:meta_key>
		<wp:meta_value><![CDATA[field_6434b2030455a]]></wp:meta_value>
		</wp:postmeta>
							<wp:postmeta>
		<wp:meta_key><![CDATA[cw4_film_blocs_0_galerie_1_image]]></wp:meta_key>
		<wp:meta_value><![CDATA[218]]></wp:meta_value>
		</wp:postmeta>
							<wp:postmeta>
		<wp:meta_key><![CDATA[_cw4_film_blocs_0_galerie_1_image]]></wp:meta_key>
		<wp:meta_value><![CDATA[field_6434b2030455a]]></wp:meta_value>
		</wp:postmeta>
							<wp:postmeta>
		<wp:meta_key><![CDATA[cw4_film_blocs_0_galerie_2_image]]></wp:meta_key>
		<wp:meta_value><![CDATA[217]]></wp:meta_value>
		</wp:postmeta>
							<wp:postmeta>
		<wp:meta_key><![CDATA[_cw4_film_blocs_0_galerie_2_image]]></wp:meta_key>
		<wp:meta_value><![CDATA[field_6434b2030455a]]></wp:meta_value>
		</wp:postmeta>
							<wp:postmeta>
		<wp:meta_key><![CDATA[cw4_film_blocs_0_galerie]]></wp:meta_key>
		<wp:meta_value><![CDATA[3]]></wp:meta_value>
		</wp:postmeta>
							<wp:postmeta>
		<wp:meta_key><![CDATA[_cw4_film_blocs_0_galerie]]></wp:meta_key>
		<wp:meta_value><![CDATA[field_6434b1c034e72]]></wp:meta_value>
		</wp:postmeta>
							<wp:postmeta>
		<wp:meta_key><![CDATA[cw4_film_blocs_1_critique_0_titre]]></wp:meta_key>
		<wp:meta_value><![CDATA[Mediafilm]]></wp:meta_value>
		</wp:postmeta>
							<wp:postmeta>
		<wp:meta_key><![CDATA[_cw4_film_blocs_1_critique_0_titre]]></wp:meta_key>
		<wp:meta_value><![CDATA[field_6434b2ca6b704]]></wp:meta_value>
		</wp:postmeta>
							<wp:postmeta>
		<wp:meta_key><![CDATA[cw4_film_blocs_1_critique_0_extrait]]></wp:meta_key>
		<wp:meta_value><![CDATA[Denis Villeneuve (INCENDIES, PRISONERS) exploite le plein sens du mot universel dans cette variation philosophique et onirique sur la rencontre de l'Autre. Pulsé par un profond sens du décorum et la savante mise en place d'un suspense psychologique versant dans le politique, ARRIVAL est à prendre comme une invitation à la communication, par les idées et la parole, dans un monde en perte de sens, plus prompt à réagir qu'à réfléchir. Au nombre des lignes de force de ce film tourné au Québec, signalons d'emblée la composition brillante d'Amy Adams, dans le rôle d'une femme à fleur de peau mais dont la parole (encore ce mot) fait autorité. Également, la partition atmosphérique de Johann Johansson, sorte de bruitage polyphonique qui complémente avec brio le minimalisme ultra sophistiqué de la mise en scène et des décors. On peut cependant reprocher au scénariste quelques développements manichéens et d'avoir un peu négligé le personnage de Jeremy Renner, qui néanmoins se défend bien. (Texte rédigé en septembre 2016, à l'occasion du Festival international du film de Toronto)]]></wp:meta_value>
		</wp:postmeta>
							<wp:postmeta>
		<wp:meta_key><![CDATA[_cw4_film_blocs_1_critique_0_extrait]]></wp:meta_key>
		<wp:meta_value><![CDATA[field_6434b2dc6b705]]></wp:meta_value>
		</wp:postmeta>
							<wp:postmeta>
		<wp:meta_key><![CDATA[cw4_film_blocs_1_critique_0_url]]></wp:meta_key>
		<wp:meta_value><![CDATA[https://mediafilm-ca.res.banq.qc.ca/2016/l-arrivee]]></wp:meta_value>
		</wp:postmeta>
							<wp:postmeta>
		<wp:meta_key><![CDATA[_cw4_film_blocs_1_critique_0_url]]></wp:meta_key>
		<wp:meta_value><![CDATA[field_6434b2f26b706]]></wp:meta_value>
		</wp:postmeta>
							<wp:postmeta>
		<wp:meta_key><![CDATA[cw4_film_blocs_1_critique]]></wp:meta_key>
		<wp:meta_value><![CDATA[1]]></wp:meta_value>
		</wp:postmeta>
							<wp:postmeta>
		<wp:meta_key><![CDATA[_cw4_film_blocs_1_critique]]></wp:meta_key>
		<wp:meta_value><![CDATA[field_6434b29283a8f]]></wp:meta_value>
		</wp:postmeta>
							<wp:postmeta>
		<wp:meta_key><![CDATA[cw4_film_blocs]]></wp:meta_key>
		<wp:meta_value><![CDATA[a:2:{i:0;s:16:"cw4_bloc_galerie";i:1;s:17:"cw4_bloc_critique";}]]></wp:meta_value>
		</wp:postmeta>
							<wp:postmeta>
		<wp:meta_key><![CDATA[_cw4_film_blocs]]></wp:meta_key>
		<wp:meta_value><![CDATA[field_6434b1858a995]]></wp:meta_value>
		</wp:postmeta>
							<wp:postmeta>
		<wp:meta_key><![CDATA[_wp_old_date]]></wp:meta_key>
		<wp:meta_value><![CDATA[2023-04-10]]></wp:meta_value>
		</wp:postmeta>
							<wp:postmeta>
		<wp:meta_key><![CDATA[_thumbnail_id]]></wp:meta_key>
		<wp:meta_value><![CDATA[126]]></wp:meta_value>
		</wp:postmeta>
							<wp:postmeta>
		<wp:meta_key><![CDATA[cw4_film_acteurs]]></wp:meta_key>
		<wp:meta_value><![CDATA[a:2:{i:0;s:3:"117";i:1;s:3:"119";}]]></wp:meta_value>
		</wp:postmeta>
							<wp:postmeta>
		<wp:meta_key><![CDATA[_cw4_film_acteurs]]></wp:meta_key>
		<wp:meta_value><![CDATA[field_6434cf6011dfd]]></wp:meta_value>
		</wp:postmeta>
							<wp:postmeta>
		<wp:meta_key><![CDATA[cw4_films_journee_de_presentation]]></wp:meta_key>
		<wp:meta_value><![CDATA[Jour 2]]></wp:meta_value>
		</wp:postmeta>
							<wp:postmeta>
		<wp:meta_key><![CDATA[_cw4_films_journee_de_presentation]]></wp:meta_key>
		<wp:meta_value><![CDATA[field_6434f6a9b779e]]></wp:meta_value>
		</wp:postmeta>
							</item>
					<item>
		<title><![CDATA[Blade Runner 2049]]></title>
		<link>http://mdupont.dectim.net/pub/wp23/semaine_9/cinetim_3/movies/blade-runner-2049/</link>
		<pubDate>Tue, 11 Apr 2017 01:44:00 +0000</pubDate>
		<dc:creator><![CDATA[mathieu]]></dc:creator>
		<guid isPermaLink="false">http://mdupont.dectim.net/pub/wp23/semaine_9/cinetim_3/?post_type=movies&#038;p=330</guid>
		<description></description>
		<content:encoded><![CDATA[<!-- wp:paragraph -->
<p>En 2049, l'équilibre précaire d'un monde agonisant, au bord du chaos, est menacé par les conflits régnant entre les êtres humains et leurs esclaves produits par bio-ingénierie. L'officier K, de la police de Los Angeles, est un&nbsp;"Blade Runner" chargé d'éliminer les "réplicants", des androïdes rebelles. Mais après avoir fait une découverte troublante, le policier se retrouve lui-même la cible de tueurs envoyés par Niander Wallace, un inventeur riche et tout-puissant. Son seul espoir: retrouver la trace de Rick Deckard, un ancien Blade Runner disparu trente ans plus tôt en emportant ses secrets avec lui.</p>
<!-- /wp:paragraph -->]]></content:encoded>
		<excerpt:encoded><![CDATA[]]></excerpt:encoded>
		<wp:post_id>330</wp:post_id>
		<wp:post_date><![CDATA[2017-04-10 21:44:00]]></wp:post_date>
		<wp:post_date_gmt><![CDATA[2017-04-11 01:44:00]]></wp:post_date_gmt>
		<wp:post_modified><![CDATA[2023-04-11 02:00:57]]></wp:post_modified>
		<wp:post_modified_gmt><![CDATA[2023-04-11 06:00:57]]></wp:post_modified_gmt>
		<wp:comment_status><![CDATA[closed]]></wp:comment_status>
		<wp:ping_status><![CDATA[closed]]></wp:ping_status>
		<wp:post_name><![CDATA[blade-runner-2049]]></wp:post_name>
		<wp:status><![CDATA[publish]]></wp:status>
		<wp:post_parent>0</wp:post_parent>
		<wp:menu_order>0</wp:menu_order>
		<wp:post_type><![CDATA[movies]]></wp:post_type>
		<wp:post_password><![CDATA[]]></wp:post_password>
		<wp:is_sticky>0</wp:is_sticky>
										<category domain="category" nicename="science-fiction"><![CDATA[Science-Fiction]]></category>
						<wp:postmeta>
		<wp:meta_key><![CDATA[_thumbnail_id]]></wp:meta_key>
		<wp:meta_value><![CDATA[94]]></wp:meta_value>
		</wp:postmeta>
							<wp:postmeta>
		<wp:meta_key><![CDATA[_edit_last]]></wp:meta_key>
		<wp:meta_value><![CDATA[1]]></wp:meta_value>
		</wp:postmeta>
							<wp:postmeta>
		<wp:meta_key><![CDATA[cw4_film_realisateur]]></wp:meta_key>
		<wp:meta_value><![CDATA[129]]></wp:meta_value>
		</wp:postmeta>
							<wp:postmeta>
		<wp:meta_key><![CDATA[_cw4_film_realisateur]]></wp:meta_key>
		<wp:meta_value><![CDATA[field_642396072e8b6]]></wp:meta_value>
		</wp:postmeta>
							<wp:postmeta>
		<wp:meta_key><![CDATA[cw4_film_image]]></wp:meta_key>
		<wp:meta_value><![CDATA[211]]></wp:meta_value>
		</wp:postmeta>
							<wp:postmeta>
		<wp:meta_key><![CDATA[_cw4_film_image]]></wp:meta_key>
		<wp:meta_value><![CDATA[field_64239b459567e]]></wp:meta_value>
		</wp:postmeta>
							<wp:postmeta>
		<wp:meta_key><![CDATA[cw4_film_note]]></wp:meta_key>
		<wp:meta_value><![CDATA[5]]></wp:meta_value>
		</wp:postmeta>
							<wp:postmeta>
		<wp:meta_key><![CDATA[_cw4_film_note]]></wp:meta_key>
		<wp:meta_value><![CDATA[field_6423986f51880]]></wp:meta_value>
		</wp:postmeta>
							<wp:postmeta>
		<wp:meta_key><![CDATA[cw4_film_blocs_0_galerie_0_image]]></wp:meta_key>
		<wp:meta_value><![CDATA[212]]></wp:meta_value>
		</wp:postmeta>
							<wp:postmeta>
		<wp:meta_key><![CDATA[_cw4_film_blocs_0_galerie_0_image]]></wp:meta_key>
		<wp:meta_value><![CDATA[field_6434b2030455a]]></wp:meta_value>
		</wp:postmeta>
							<wp:postmeta>
		<wp:meta_key><![CDATA[cw4_film_blocs_0_galerie_1_image]]></wp:meta_key>
		<wp:meta_value><![CDATA[211]]></wp:meta_value>
		</wp:postmeta>
							<wp:postmeta>
		<wp:meta_key><![CDATA[_cw4_film_blocs_0_galerie_1_image]]></wp:meta_key>
		<wp:meta_value><![CDATA[field_6434b2030455a]]></wp:meta_value>
		</wp:postmeta>
							<wp:postmeta>
		<wp:meta_key><![CDATA[cw4_film_blocs_0_galerie]]></wp:meta_key>
		<wp:meta_value><![CDATA[2]]></wp:meta_value>
		</wp:postmeta>
							<wp:postmeta>
		<wp:meta_key><![CDATA[_cw4_film_blocs_0_galerie]]></wp:meta_key>
		<wp:meta_value><![CDATA[field_6434b1c034e72]]></wp:meta_value>
		</wp:postmeta>
							<wp:postmeta>
		<wp:meta_key><![CDATA[cw4_film_blocs_1_critique_0_titre]]></wp:meta_key>
		<wp:meta_value><![CDATA[Mediafilm]]></wp:meta_value>
		</wp:postmeta>
							<wp:postmeta>
		<wp:meta_key><![CDATA[_cw4_film_blocs_1_critique_0_titre]]></wp:meta_key>
		<wp:meta_value><![CDATA[field_6434b2ca6b704]]></wp:meta_value>
		</wp:postmeta>
							<wp:postmeta>
		<wp:meta_key><![CDATA[cw4_film_blocs_1_critique_0_extrait]]></wp:meta_key>
		<wp:meta_value><![CDATA[35 ans après le magistral BLADE RUNNER de Ridley Scott, Denis Villeneuve signe une suite ambitieuse et brillante, qui renoue fidèlement avec l'univers fascinant imaginé par le romancier Philip K. Dick. Il faut dire que le réalisateur québécois trouve ici un sujet recoupant les principales figures de son oeuvre, de la conception dans le désert (UN 32 AOÛT SUR TERRE) à la quête des origines (INCENDIES), en passant par l'obsession du double (ENEMY). On est séduit d'emblée par la majesté des effets spéciaux, la pureté graphique des décors et les compositions visuelles sublimes de Roger Deakins (FARGO, SICARIO). Par contre, on retrouve également des "surprises" prévisibles, des longueurs ainsi qu'une certaine objectivation de la femme (allant du personnage de la compagne du protagoniste - sorte de fantasme masculin des années 1950 - aux statues féminines géantes dans le désert près de Las Vegas). Harrison Ford apporte tardivement un peu d'émotion à ce film souvent impressionnant mais, il faut bien l'admettre, plutôt froid.]]></wp:meta_value>
		</wp:postmeta>
							<wp:postmeta>
		<wp:meta_key><![CDATA[_cw4_film_blocs_1_critique_0_extrait]]></wp:meta_key>
		<wp:meta_value><![CDATA[field_6434b2dc6b705]]></wp:meta_value>
		</wp:postmeta>
							<wp:postmeta>
		<wp:meta_key><![CDATA[cw4_film_blocs_1_critique_0_url]]></wp:meta_key>
		<wp:meta_value><![CDATA[https://mediafilm-ca.res.banq.qc.ca/2017/blade-runner-2049]]></wp:meta_value>
		</wp:postmeta>
							<wp:postmeta>
		<wp:meta_key><![CDATA[_cw4_film_blocs_1_critique_0_url]]></wp:meta_key>
		<wp:meta_value><![CDATA[field_6434b2f26b706]]></wp:meta_value>
		</wp:postmeta>
							<wp:postmeta>
		<wp:meta_key><![CDATA[cw4_film_blocs_1_critique]]></wp:meta_key>
		<wp:meta_value><![CDATA[1]]></wp:meta_value>
		</wp:postmeta>
							<wp:postmeta>
		<wp:meta_key><![CDATA[_cw4_film_blocs_1_critique]]></wp:meta_key>
		<wp:meta_value><![CDATA[field_6434b29283a8f]]></wp:meta_value>
		</wp:postmeta>
							<wp:postmeta>
		<wp:meta_key><![CDATA[cw4_film_blocs]]></wp:meta_key>
		<wp:meta_value><![CDATA[a:2:{i:0;s:16:"cw4_bloc_galerie";i:1;s:17:"cw4_bloc_critique";}]]></wp:meta_value>
		</wp:postmeta>
							<wp:postmeta>
		<wp:meta_key><![CDATA[_cw4_film_blocs]]></wp:meta_key>
		<wp:meta_value><![CDATA[field_6434b1858a995]]></wp:meta_value>
		</wp:postmeta>
							<wp:postmeta>
		<wp:meta_key><![CDATA[_wp_old_date]]></wp:meta_key>
		<wp:meta_value><![CDATA[2023-04-10]]></wp:meta_value>
		</wp:postmeta>
							<wp:postmeta>
		<wp:meta_key><![CDATA[cw4_film_acteurs]]></wp:meta_key>
		<wp:meta_value><![CDATA[a:1:{i:0;s:2:"97";}]]></wp:meta_value>
		</wp:postmeta>
							<wp:postmeta>
		<wp:meta_key><![CDATA[_cw4_film_acteurs]]></wp:meta_key>
		<wp:meta_value><![CDATA[field_6434cf6011dfd]]></wp:meta_value>
		</wp:postmeta>
							<wp:postmeta>
		<wp:meta_key><![CDATA[cw4_films_journee_de_presentation]]></wp:meta_key>
		<wp:meta_value><![CDATA[Jour 1]]></wp:meta_value>
		</wp:postmeta>
							<wp:postmeta>
		<wp:meta_key><![CDATA[_cw4_films_journee_de_presentation]]></wp:meta_key>
		<wp:meta_value><![CDATA[field_6434f6a9b779e]]></wp:meta_value>
		</wp:postmeta>
							</item>
					<item>
		<title><![CDATA[Parasite]]></title>
		<link>http://mdupont.dectim.net/pub/wp23/semaine_9/cinetim_3/?post_type=movies&#038;p=26</link>
		<pubDate>Thu, 07 Nov 2019 23:00:30 +0000</pubDate>
		<dc:creator><![CDATA[mathieu]]></dc:creator>
		<guid isPermaLink="false">https://jfleblanc.dectim.ca/cours/cw4/semaine08/?post_type=movies&#038;p=26</guid>
		<description></description>
		<content:encoded><![CDATA[A poor family, the Kims, con their way into becoming the servants of a rich family, the Parks. But their easy life gets complicated when their deception is threatened with exposure.]]></content:encoded>
		<excerpt:encoded><![CDATA[]]></excerpt:encoded>
		<wp:post_id>26</wp:post_id>
		<wp:post_date><![CDATA[2019-11-08 00:00:30]]></wp:post_date>
		<wp:post_date_gmt><![CDATA[2019-11-07 23:00:30]]></wp:post_date_gmt>
		<wp:post_modified><![CDATA[2023-04-10 20:29:30]]></wp:post_modified>
		<wp:post_modified_gmt><![CDATA[2023-04-11 00:29:30]]></wp:post_modified_gmt>
		<wp:comment_status><![CDATA[closed]]></wp:comment_status>
		<wp:ping_status><![CDATA[closed]]></wp:ping_status>
		<wp:post_name><![CDATA[parasite__trashed]]></wp:post_name>
		<wp:status><![CDATA[trash]]></wp:status>
		<wp:post_parent>0</wp:post_parent>
		<wp:menu_order>0</wp:menu_order>
		<wp:post_type><![CDATA[movies]]></wp:post_type>
		<wp:post_password><![CDATA[]]></wp:post_password>
		<wp:is_sticky>0</wp:is_sticky>
										<category domain="category" nicename="comedie"><![CDATA[Comédie]]></category>
		<category domain="category" nicename="drame"><![CDATA[Drame]]></category>
		<category domain="category" nicename="thriller"><![CDATA[Thriller]]></category>
						<wp:postmeta>
		<wp:meta_key><![CDATA[_edit_last]]></wp:meta_key>
		<wp:meta_value><![CDATA[1]]></wp:meta_value>
		</wp:postmeta>
							<wp:postmeta>
		<wp:meta_key><![CDATA[_thumbnail_id]]></wp:meta_key>
		<wp:meta_value><![CDATA[27]]></wp:meta_value>
		</wp:postmeta>
							<wp:postmeta>
		<wp:meta_key><![CDATA[_wp_old_date]]></wp:meta_key>
		<wp:meta_value><![CDATA[2020-03-11]]></wp:meta_value>
		</wp:postmeta>
							<wp:postmeta>
		<wp:meta_key><![CDATA[_wp_old_date]]></wp:meta_key>
		<wp:meta_value><![CDATA[2019-01-01]]></wp:meta_value>
		</wp:postmeta>
							<wp:postmeta>
		<wp:meta_key><![CDATA[_wp_trash_meta_status]]></wp:meta_key>
		<wp:meta_value><![CDATA[publish]]></wp:meta_value>
		</wp:postmeta>
							<wp:postmeta>
		<wp:meta_key><![CDATA[_wp_trash_meta_time]]></wp:meta_key>
		<wp:meta_value><![CDATA[1681172970]]></wp:meta_value>
		</wp:postmeta>
							<wp:postmeta>
		<wp:meta_key><![CDATA[_wp_desired_post_slug]]></wp:meta_key>
		<wp:meta_value><![CDATA[parasite]]></wp:meta_value>
		</wp:postmeta>
							</item>
					<item>
		<title><![CDATA[Joker]]></title>
		<link>http://mdupont.dectim.net/pub/wp23/semaine_9/cinetim_3/?post_type=movies&#038;p=34</link>
		<pubDate>Mon, 30 Sep 2019 22:00:10 +0000</pubDate>
		<dc:creator><![CDATA[mathieu]]></dc:creator>
		<guid isPermaLink="false">https://jfleblanc.dectim.ca/cours/cw4/semaine08/?post_type=movies&#038;p=34</guid>
		<description></description>
		<content:encoded><![CDATA[<p style="text-align: right;">In Gotham City, mentally troubled comedian Arthur Fleck is disregarded and mistreated by society. He then embarks on a downward spiral of revolution and bloody crime. This path brings him face-to-face with his alter-ego: the Joker.</p>]]></content:encoded>
		<excerpt:encoded><![CDATA[]]></excerpt:encoded>
		<wp:post_id>34</wp:post_id>
		<wp:post_date><![CDATA[2019-10-01 00:00:10]]></wp:post_date>
		<wp:post_date_gmt><![CDATA[2019-09-30 22:00:10]]></wp:post_date_gmt>
		<wp:post_modified><![CDATA[2023-04-10 20:29:33]]></wp:post_modified>
		<wp:post_modified_gmt><![CDATA[2023-04-11 00:29:33]]></wp:post_modified_gmt>
		<wp:comment_status><![CDATA[closed]]></wp:comment_status>
		<wp:ping_status><![CDATA[closed]]></wp:ping_status>
		<wp:post_name><![CDATA[joker__trashed]]></wp:post_name>
		<wp:status><![CDATA[trash]]></wp:status>
		<wp:post_parent>0</wp:post_parent>
		<wp:menu_order>0</wp:menu_order>
		<wp:post_type><![CDATA[movies]]></wp:post_type>
		<wp:post_password><![CDATA[]]></wp:post_password>
		<wp:is_sticky>0</wp:is_sticky>
										<category domain="category" nicename="crime"><![CDATA[Crime]]></category>
		<category domain="category" nicename="drame"><![CDATA[Drame]]></category>
		<category domain="category" nicename="thriller"><![CDATA[Thriller]]></category>
						<wp:postmeta>
		<wp:meta_key><![CDATA[_edit_last]]></wp:meta_key>
		<wp:meta_value><![CDATA[1]]></wp:meta_value>
		</wp:postmeta>
							<wp:postmeta>
		<wp:meta_key><![CDATA[_thumbnail_id]]></wp:meta_key>
		<wp:meta_value><![CDATA[35]]></wp:meta_value>
		</wp:postmeta>
							<wp:postmeta>
		<wp:meta_key><![CDATA[_wp_old_date]]></wp:meta_key>
		<wp:meta_value><![CDATA[2020-03-11]]></wp:meta_value>
		</wp:postmeta>
							<wp:postmeta>
		<wp:meta_key><![CDATA[_wp_trash_meta_status]]></wp:meta_key>
		<wp:meta_value><![CDATA[publish]]></wp:meta_value>
		</wp:postmeta>
							<wp:postmeta>
		<wp:meta_key><![CDATA[_wp_trash_meta_time]]></wp:meta_key>
		<wp:meta_value><![CDATA[1681172973]]></wp:meta_value>
		</wp:postmeta>
							<wp:postmeta>
		<wp:meta_key><![CDATA[_wp_desired_post_slug]]></wp:meta_key>
		<wp:meta_value><![CDATA[joker]]></wp:meta_value>
		</wp:postmeta>
							</item>
				</channel>
</rss>
	