<?xml version="1.0" encoding="UTF-8" ?>
<!-- This is a WordPress eXtended RSS file generated by WordPress as an export of your site. -->
<!-- It contains information about your site's posts, pages, comments, categories, and other content. -->
<!-- You may use this file to transfer that content from one site to another. -->
<!-- This file is not intended to serve as a complete backup of your site. -->

<!-- To import this information into a WordPress site follow these steps: -->
<!-- 1. Log in to that site as an administrator. -->
<!-- 2. Go to Tools: Import in the WordPress admin panel. -->
<!-- 3. Install the "WordPress" importer from the list. -->
<!-- 4. Activate & Run Importer. -->
<!-- 5. Upload this file using the form provided on that page. -->
<!-- 6. You will first be asked to map the authors in this export file to users -->
<!--    on the site. For each author, you may choose to map to an -->
<!--    existing user on the site or to create a new user. -->
<!-- 7. WordPress will then import each of the posts, pages, comments, categories, etc. -->
<!--    contained in this file into your site. -->

	<!-- generator="WordPress/6.1.1" created="2023-03-06 01:50" -->
<rss version="2.0"
	xmlns:excerpt="http://wordpress.org/export/1.2/excerpt/"
	xmlns:content="http://purl.org/rss/1.0/modules/content/"
	xmlns:wfw="http://wellformedweb.org/CommentAPI/"
	xmlns:dc="http://purl.org/dc/elements/1.1/"
	xmlns:wp="http://wordpress.org/export/1.2/"
>

<channel>
	<title>La hiérarchie</title>
	<link>http://mdupont.dectim.net/pub/wp23/semaine_7/mon/nouveau/site</link>
	<description>Bien comprendre la hiérarchie</description>
	<pubDate>Mon, 06 Mar 2023 01:50:47 +0000</pubDate>
	<language>fr-CA</language>
	<wp:wxr_version>1.2</wp:wxr_version>
	<wp:base_site_url>http://mdupont.dectim.net/pub/wp23/semaine_7/mon/nouveau/site</wp:base_site_url>
	<wp:base_blog_url>http://mdupont.dectim.net/pub/wp23/semaine_7/mon/nouveau/site</wp:base_blog_url>

		<wp:author><wp:author_id>1</wp:author_id><wp:author_login><![CDATA[mathieudupont]]></wp:author_login><wp:author_email><![CDATA[mathieu.dupont@cegepmontpetit.ca]]></wp:author_email><wp:author_display_name><![CDATA[mathieudupont]]></wp:author_display_name><wp:author_first_name><![CDATA[]]></wp:author_first_name><wp:author_last_name><![CDATA[]]></wp:author_last_name></wp:author>

		<wp:category>
		<wp:term_id>2</wp:term_id>
		<wp:category_nicename><![CDATA[categorie-1]]></wp:category_nicename>
		<wp:category_parent><![CDATA[]]></wp:category_parent>
		<wp:cat_name><![CDATA[Catégorie 1]]></wp:cat_name>
	</wp:category>
		<wp:category>
		<wp:term_id>3</wp:term_id>
		<wp:category_nicename><![CDATA[categorie-2]]></wp:category_nicename>
		<wp:category_parent><![CDATA[]]></wp:category_parent>
		<wp:cat_name><![CDATA[Catégorie 2]]></wp:cat_name>
	</wp:category>
		<wp:category>
		<wp:term_id>1</wp:term_id>
		<wp:category_nicename><![CDATA[non-classe]]></wp:category_nicename>
		<wp:category_parent><![CDATA[]]></wp:category_parent>
		<wp:cat_name><![CDATA[Non classé]]></wp:cat_name>
	</wp:category>
				<wp:term>
		<wp:term_id>2</wp:term_id>
		<wp:term_taxonomy><![CDATA[category]]></wp:term_taxonomy>
		<wp:term_slug><![CDATA[categorie-1]]></wp:term_slug>
		<wp:term_parent><![CDATA[]]></wp:term_parent>
		<wp:term_name><![CDATA[Catégorie 1]]></wp:term_name>
	</wp:term>
		<wp:term>
		<wp:term_id>3</wp:term_id>
		<wp:term_taxonomy><![CDATA[category]]></wp:term_taxonomy>
		<wp:term_slug><![CDATA[categorie-2]]></wp:term_slug>
		<wp:term_parent><![CDATA[]]></wp:term_parent>
		<wp:term_name><![CDATA[Catégorie 2]]></wp:term_name>
	</wp:term>
		<wp:term>
		<wp:term_id>5</wp:term_id>
		<wp:term_taxonomy><![CDATA[wp_theme]]></wp:term_taxonomy>
		<wp:term_slug><![CDATA[hierarchie]]></wp:term_slug>
		<wp:term_parent><![CDATA[]]></wp:term_parent>
		<wp:term_name><![CDATA[hierarchie]]></wp:term_name>
	</wp:term>
		<wp:term>
		<wp:term_id>1</wp:term_id>
		<wp:term_taxonomy><![CDATA[category]]></wp:term_taxonomy>
		<wp:term_slug><![CDATA[non-classe]]></wp:term_slug>
		<wp:term_parent><![CDATA[]]></wp:term_parent>
		<wp:term_name><![CDATA[Non classé]]></wp:term_name>
	</wp:term>
		
	<generator>https://wordpress.org/?v=6.1.1</generator>

		<item>
		<title><![CDATA[Custom Styles]]></title>
		<link>http://mdupont.dectim.net/pub/wp23/semaine_7/mon/nouveau/site/wp-global-styles-hierarchie/</link>
		<pubDate>Mon, 07 Mar 2022 02:22:03 +0000</pubDate>
		<dc:creator><![CDATA[mathieudupont]]></dc:creator>
		<guid isPermaLink="false">http://mdupont.dectim.net/pub/wp23/semaine_7/mon/nouveau/site/2022/03/07/wp-global-styles-hierarchie/</guid>
		<description></description>
		<content:encoded><![CDATA[{"version": 2, "isGlobalStylesUserThemeJSON": true }]]></content:encoded>
		<excerpt:encoded><![CDATA[]]></excerpt:encoded>
		<wp:post_id>52</wp:post_id>
		<wp:post_date><![CDATA[2022-03-07 02:22:03]]></wp:post_date>
		<wp:post_date_gmt><![CDATA[2022-03-07 02:22:03]]></wp:post_date_gmt>
		<wp:post_modified><![CDATA[2022-03-07 02:22:03]]></wp:post_modified>
		<wp:post_modified_gmt><![CDATA[2022-03-07 02:22:03]]></wp:post_modified_gmt>
		<wp:comment_status><![CDATA[closed]]></wp:comment_status>
		<wp:ping_status><![CDATA[closed]]></wp:ping_status>
		<wp:post_name><![CDATA[wp-global-styles-hierarchie]]></wp:post_name>
		<wp:status><![CDATA[publish]]></wp:status>
		<wp:post_parent>0</wp:post_parent>
		<wp:menu_order>0</wp:menu_order>
		<wp:post_type><![CDATA[wp_global_styles]]></wp:post_type>
		<wp:post_password><![CDATA[]]></wp:post_password>
		<wp:is_sticky>0</wp:is_sticky>
										<category domain="wp_theme" nicename="hierarchie"><![CDATA[hierarchie]]></category>
						</item>
					<item>
		<title><![CDATA[Page 2]]></title>
		<link>http://mdupont.dectim.net/pub/wp23/semaine_7/mon/nouveau/site/page-2/</link>
		<pubDate>Sun, 04 Mar 2018 15:07:01 +0000</pubDate>
		<dc:creator><![CDATA[mathieudupont]]></dc:creator>
		<guid isPermaLink="false">https://jfleblanc.dectim.ca/cours/cw4/semaine07/?page_id=5</guid>
		<description></description>
		<content:encoded><![CDATA[<div id="toolbar-dee014b1-8497-46fe-b527-0a5bc2753851" class="block-library-classic__toolbar" data-placeholder="Classique">
<div id="mceu_51" class="mce-tinymce mce-tinymce-inline mce-container mce-panel" tabindex="-1" role="application">
<div id="mceu_51-body" class="mce-container-body mce-abs-layout">
<div id="mceu_52" class="mce-toolbar-grp mce-container mce-panel mce-abs-layout-item mce-first mce-last" tabindex="-1" role="group">
<div id="mceu_52-body" class="mce-container-body mce-stack-layout">
<div id="mceu_53" class="mce-container mce-toolbar mce-stack-layout-item mce-first" role="toolbar">
<div id="mceu_53-body" class="mce-container-body mce-flow-layout">
<div id="mceu_54" class="mce-container mce-flow-layout-item mce-first mce-last mce-btn-group" role="group">
<div id="mceu_54-body">
<div id="mceu_33" class="mce-widget mce-btn" tabindex="-1" role="button" aria-pressed="false" aria-label="Centrer (⌃⌥C)"></div>
<div id="mceu_34" class="mce-widget mce-btn" tabindex="-1" role="button" aria-pressed="false" aria-label="Aligner à droite (⌃⌥R)"></div>
<div id="mceu_35" class="mce-widget mce-btn" tabindex="-1" role="button" aria-pressed="false" aria-label="Insérer/modifier un lien (⌘K)"></div>
<div id="mceu_36" class="mce-widget mce-btn" tabindex="-1" role="button" aria-label="Retirer le lien (⌃⌥S)"></div>
<div id="mceu_37" class="mce-widget mce-btn" tabindex="-1" role="button" aria-label="Insérer la balise « Continuer la lecture... » (⌃⌥T)"></div>
<div id="mceu_38" class="mce-widget mce-btn" tabindex="-1" role="button" aria-label="Ajouter un média (⌃⌥M)"></div>
<div id="mceu_39" class="mce-widget mce-btn mce-last" tabindex="-1" role="button" aria-label="Ouvrir/fermer la barre d’outils (⌃⌥Z)"></div>
</div>
</div>
</div>
</div>
</div>
</div>
</div>
</div>
</div>
<div id="editor-dee014b1-8497-46fe-b527-0a5bc2753851" class="wp-block-freeform block-library-rich-text__tinymce mce-content-body html5-captions mce-edit-focus" contenteditable="true">

Contenu de la <span style="font-size: revert; background-color: var(--global--color-background); color: var(--global--color-primary); font-family: var(--global--font-secondary);">Page 2</span>

</div>]]></content:encoded>
		<excerpt:encoded><![CDATA[]]></excerpt:encoded>
		<wp:post_id>10</wp:post_id>
		<wp:post_date><![CDATA[2018-03-04 16:07:01]]></wp:post_date>
		<wp:post_date_gmt><![CDATA[2018-03-04 15:07:01]]></wp:post_date_gmt>
		<wp:post_modified><![CDATA[2018-03-04 16:07:01]]></wp:post_modified>
		<wp:post_modified_gmt><![CDATA[2018-03-04 15:07:01]]></wp:post_modified_gmt>
		<wp:comment_status><![CDATA[closed]]></wp:comment_status>
		<wp:ping_status><![CDATA[closed]]></wp:ping_status>
		<wp:post_name><![CDATA[page-2]]></wp:post_name>
		<wp:status><![CDATA[publish]]></wp:status>
		<wp:post_parent>0</wp:post_parent>
		<wp:menu_order>0</wp:menu_order>
		<wp:post_type><![CDATA[page]]></wp:post_type>
		<wp:post_password><![CDATA[]]></wp:post_password>
		<wp:is_sticky>0</wp:is_sticky>
														<wp:postmeta>
		<wp:meta_key><![CDATA[_wp_page_template]]></wp:meta_key>
		<wp:meta_value><![CDATA[default]]></wp:meta_value>
		</wp:postmeta>
							<wp:postmeta>
		<wp:meta_key><![CDATA[_edit_last]]></wp:meta_key>
		<wp:meta_value><![CDATA[1]]></wp:meta_value>
		</wp:postmeta>
							</item>
					<item>
		<title><![CDATA[Page 3]]></title>
		<link>http://mdupont.dectim.net/pub/wp23/semaine_7/mon/nouveau/site/page-3/</link>
		<pubDate>Sun, 04 Mar 2018 15:07:32 +0000</pubDate>
		<dc:creator><![CDATA[mathieudupont]]></dc:creator>
		<guid isPermaLink="false">https://jfleblanc.dectim.ca/cours/cw4/semaine07/?page_id=7</guid>
		<description></description>
		<content:encoded><![CDATA[<div id="toolbar-dee014b1-8497-46fe-b527-0a5bc2753851" class="block-library-classic__toolbar" data-placeholder="Classique">
<div id="mceu_51" class="mce-tinymce mce-tinymce-inline mce-container mce-panel" tabindex="-1" role="application">
<div id="mceu_51-body" class="mce-container-body mce-abs-layout">
<div id="mceu_52" class="mce-toolbar-grp mce-container mce-panel mce-abs-layout-item mce-first mce-last" tabindex="-1" role="group">
<div id="mceu_52-body" class="mce-container-body mce-stack-layout">
<div id="mceu_53" class="mce-container mce-toolbar mce-stack-layout-item mce-first" role="toolbar">
<div id="mceu_53-body" class="mce-container-body mce-flow-layout">
<div id="mceu_54" class="mce-container mce-flow-layout-item mce-first mce-last mce-btn-group" role="group">
<div id="mceu_54-body">
<div id="mceu_33" class="mce-widget mce-btn" tabindex="-1" role="button" aria-pressed="false" aria-label="Centrer (⌃⌥C)"></div>
<div id="mceu_34" class="mce-widget mce-btn" tabindex="-1" role="button" aria-pressed="false" aria-label="Aligner à droite (⌃⌥R)"></div>
<div id="mceu_35" class="mce-widget mce-btn" tabindex="-1" role="button" aria-pressed="false" aria-label="Insérer/modifier un lien (⌘K)"></div>
<div id="mceu_36" class="mce-widget mce-btn" tabindex="-1" role="button" aria-label="Retirer le lien (⌃⌥S)"></div>
<div id="mceu_37" class="mce-widget mce-btn" tabindex="-1" role="button" aria-label="Insérer la balise « Continuer la lecture... » (⌃⌥T)"></div>
<div id="mceu_38" class="mce-widget mce-btn" tabindex="-1" role="button" aria-label="Ajouter un média (⌃⌥M)"></div>
<div id="mceu_39" class="mce-widget mce-btn mce-last" tabindex="-1" role="button" aria-label="Ouvrir/fermer la barre d’outils (⌃⌥Z)"></div>
</div>
</div>
</div>
</div>
</div>
</div>
</div>
</div>
</div>
<div id="editor-dee014b1-8497-46fe-b527-0a5bc2753851" class="wp-block-freeform block-library-rich-text__tinymce mce-content-body html5-captions mce-edit-focus" contenteditable="true">

Contenu de la <span style="font-size: revert; background-color: var(--global--color-background); color: var(--global--color-primary); font-family: var(--global--font-secondary);">Page 3</span>

</div>]]></content:encoded>
		<excerpt:encoded><![CDATA[]]></excerpt:encoded>
		<wp:post_id>11</wp:post_id>
		<wp:post_date><![CDATA[2018-03-04 16:07:32]]></wp:post_date>
		<wp:post_date_gmt><![CDATA[2018-03-04 15:07:32]]></wp:post_date_gmt>
		<wp:post_modified><![CDATA[2018-03-04 16:07:32]]></wp:post_modified>
		<wp:post_modified_gmt><![CDATA[2018-03-04 15:07:32]]></wp:post_modified_gmt>
		<wp:comment_status><![CDATA[closed]]></wp:comment_status>
		<wp:ping_status><![CDATA[closed]]></wp:ping_status>
		<wp:post_name><![CDATA[page-3]]></wp:post_name>
		<wp:status><![CDATA[publish]]></wp:status>
		<wp:post_parent>0</wp:post_parent>
		<wp:menu_order>0</wp:menu_order>
		<wp:post_type><![CDATA[page]]></wp:post_type>
		<wp:post_password><![CDATA[]]></wp:post_password>
		<wp:is_sticky>0</wp:is_sticky>
														<wp:postmeta>
		<wp:meta_key><![CDATA[_edit_last]]></wp:meta_key>
		<wp:meta_value><![CDATA[1]]></wp:meta_value>
		</wp:postmeta>
							<wp:postmeta>
		<wp:meta_key><![CDATA[_wp_page_template]]></wp:meta_key>
		<wp:meta_value><![CDATA[]]></wp:meta_value>
		</wp:postmeta>
							</item>
					<item>
		<title><![CDATA[Page 4]]></title>
		<link>http://mdupont.dectim.net/pub/wp23/semaine_7/mon/nouveau/site/page-4/</link>
		<pubDate>Mon, 06 Mar 2023 01:50:16 +0000</pubDate>
		<dc:creator><![CDATA[mathieudupont]]></dc:creator>
		<guid isPermaLink="false">http://mdupont.dectim.net/pub/wp23/semaine_7/mon/nouveau/site/?page_id=71</guid>
		<description></description>
		<content:encoded><![CDATA[<!-- wp:paragraph -->
<p>Contenu de la Page 4</p>
<!-- /wp:paragraph -->]]></content:encoded>
		<excerpt:encoded><![CDATA[]]></excerpt:encoded>
		<wp:post_id>71</wp:post_id>
		<wp:post_date><![CDATA[2023-03-06 01:50:16]]></wp:post_date>
		<wp:post_date_gmt><![CDATA[2023-03-06 01:50:16]]></wp:post_date_gmt>
		<wp:post_modified><![CDATA[2023-03-06 01:50:16]]></wp:post_modified>
		<wp:post_modified_gmt><![CDATA[2023-03-06 01:50:16]]></wp:post_modified_gmt>
		<wp:comment_status><![CDATA[closed]]></wp:comment_status>
		<wp:ping_status><![CDATA[closed]]></wp:ping_status>
		<wp:post_name><![CDATA[page-4]]></wp:post_name>
		<wp:status><![CDATA[publish]]></wp:status>
		<wp:post_parent>0</wp:post_parent>
		<wp:menu_order>0</wp:menu_order>
		<wp:post_type><![CDATA[page]]></wp:post_type>
		<wp:post_password><![CDATA[]]></wp:post_password>
		<wp:is_sticky>0</wp:is_sticky>
														</item>
					<item>
		<title><![CDATA[Accueil]]></title>
		<link>http://mdupont.dectim.net/pub/wp23/semaine_7/mon/nouveau/site/page-accueil/</link>
		<pubDate>Sun, 04 Mar 2018 16:08:25 +0000</pubDate>
		<dc:creator><![CDATA[mathieudupont]]></dc:creator>
		<guid isPermaLink="false">https://jfleblanc.dectim.ca/cours/cw4/semaine07/?page_id=38</guid>
		<description></description>
		<content:encoded><![CDATA[Contenu de la page Accueil]]></content:encoded>
		<excerpt:encoded><![CDATA[]]></excerpt:encoded>
		<wp:post_id>38</wp:post_id>
		<wp:post_date><![CDATA[2018-03-04 17:08:25]]></wp:post_date>
		<wp:post_date_gmt><![CDATA[2018-03-04 16:08:25]]></wp:post_date_gmt>
		<wp:post_modified><![CDATA[2018-03-04 17:08:25]]></wp:post_modified>
		<wp:post_modified_gmt><![CDATA[2018-03-04 16:08:25]]></wp:post_modified_gmt>
		<wp:comment_status><![CDATA[closed]]></wp:comment_status>
		<wp:ping_status><![CDATA[closed]]></wp:ping_status>
		<wp:post_name><![CDATA[page-accueil]]></wp:post_name>
		<wp:status><![CDATA[publish]]></wp:status>
		<wp:post_parent>0</wp:post_parent>
		<wp:menu_order>0</wp:menu_order>
		<wp:post_type><![CDATA[page]]></wp:post_type>
		<wp:post_password><![CDATA[]]></wp:post_password>
		<wp:is_sticky>0</wp:is_sticky>
														<wp:postmeta>
		<wp:meta_key><![CDATA[_edit_last]]></wp:meta_key>
		<wp:meta_value><![CDATA[1]]></wp:meta_value>
		</wp:postmeta>
							<wp:postmeta>
		<wp:meta_key><![CDATA[_wp_page_template]]></wp:meta_key>
		<wp:meta_value><![CDATA[default]]></wp:meta_value>
		</wp:postmeta>
							</item>
					<item>
		<title><![CDATA[Page 1]]></title>
		<link>http://mdupont.dectim.net/pub/wp23/semaine_7/mon/nouveau/site/page-1/</link>
		<pubDate>Sun, 04 Mar 2018 16:21:17 +0000</pubDate>
		<dc:creator><![CDATA[mathieudupont]]></dc:creator>
		<guid isPermaLink="false">https://jfleblanc.dectim.ca/cours/cw4/semaine07/?page_id=43</guid>
		<description></description>
		<content:encoded><![CDATA[<div id="toolbar-dee014b1-8497-46fe-b527-0a5bc2753851" class="block-library-classic__toolbar" data-placeholder="Classique">
<div id="mceu_51" class="mce-tinymce mce-tinymce-inline mce-container mce-panel" tabindex="-1" role="application">
<div id="mceu_51-body" class="mce-container-body mce-abs-layout">
<div id="mceu_52" class="mce-toolbar-grp mce-container mce-panel mce-abs-layout-item mce-first mce-last" tabindex="-1" role="group">
<div id="mceu_52-body" class="mce-container-body mce-stack-layout">
<div id="mceu_53" class="mce-container mce-toolbar mce-stack-layout-item mce-first" role="toolbar">
<div id="mceu_53-body" class="mce-container-body mce-flow-layout">
<div id="mceu_54" class="mce-container mce-flow-layout-item mce-first mce-last mce-btn-group" role="group">
<div id="mceu_54-body">
<div id="mceu_33" class="mce-widget mce-btn" tabindex="-1" role="button" aria-pressed="false" aria-label="Centrer (⌃⌥C)"></div>
<div id="mceu_34" class="mce-widget mce-btn" tabindex="-1" role="button" aria-pressed="false" aria-label="Aligner à droite (⌃⌥R)"></div>
<div id="mceu_35" class="mce-widget mce-btn" tabindex="-1" role="button" aria-pressed="false" aria-label="Insérer/modifier un lien (⌘K)"></div>
<div id="mceu_36" class="mce-widget mce-btn" tabindex="-1" role="button" aria-label="Retirer le lien (⌃⌥S)"></div>
<div id="mceu_37" class="mce-widget mce-btn" tabindex="-1" role="button" aria-label="Insérer la balise « Continuer la lecture... » (⌃⌥T)"></div>
<div id="mceu_38" class="mce-widget mce-btn" tabindex="-1" role="button" aria-label="Ajouter un média (⌃⌥M)"></div>
<div id="mceu_39" class="mce-widget mce-btn mce-last" tabindex="-1" role="button" aria-label="Ouvrir/fermer la barre d’outils (⌃⌥Z)"></div>
</div>
</div>
</div>
</div>
</div>
</div>
</div>
</div>
</div>
<div id="editor-dee014b1-8497-46fe-b527-0a5bc2753851" class="wp-block-freeform block-library-rich-text__tinymce mce-content-body html5-captions mce-edit-focus" contenteditable="true">

Contenu de la <span style="font-size: revert; background-color: var(--global--color-background); color: var(--global--color-primary); font-family: var(--global--font-secondary);">Page 1</span>

</div>]]></content:encoded>
		<excerpt:encoded><![CDATA[]]></excerpt:encoded>
		<wp:post_id>43</wp:post_id>
		<wp:post_date><![CDATA[2018-03-04 17:21:17]]></wp:post_date>
		<wp:post_date_gmt><![CDATA[2018-03-04 16:21:17]]></wp:post_date_gmt>
		<wp:post_modified><![CDATA[2018-03-04 17:21:17]]></wp:post_modified>
		<wp:post_modified_gmt><![CDATA[2018-03-04 16:21:17]]></wp:post_modified_gmt>
		<wp:comment_status><![CDATA[closed]]></wp:comment_status>
		<wp:ping_status><![CDATA[closed]]></wp:ping_status>
		<wp:post_name><![CDATA[page-1]]></wp:post_name>
		<wp:status><![CDATA[publish]]></wp:status>
		<wp:post_parent>0</wp:post_parent>
		<wp:menu_order>0</wp:menu_order>
		<wp:post_type><![CDATA[page]]></wp:post_type>
		<wp:post_password><![CDATA[]]></wp:post_password>
		<wp:is_sticky>0</wp:is_sticky>
														<wp:postmeta>
		<wp:meta_key><![CDATA[_wp_page_template]]></wp:meta_key>
		<wp:meta_value><![CDATA[default]]></wp:meta_value>
		</wp:postmeta>
							<wp:postmeta>
		<wp:meta_key><![CDATA[_edit_last]]></wp:meta_key>
		<wp:meta_value><![CDATA[1]]></wp:meta_value>
		</wp:postmeta>
							</item>
					<item>
		<title><![CDATA[Article 1]]></title>
		<link>http://mdupont.dectim.net/pub/wp23/semaine_7/mon/nouveau/site/article-1/</link>
		<pubDate>Sun, 04 Mar 2018 15:10:12 +0000</pubDate>
		<dc:creator><![CDATA[mathieudupont]]></dc:creator>
		<guid isPermaLink="false">https://jfleblanc.dectim.ca/cours/cw4/semaine07/?p=12</guid>
		<description></description>
		<content:encoded><![CDATA[Contenu de l'Article 1]]></content:encoded>
		<excerpt:encoded><![CDATA[]]></excerpt:encoded>
		<wp:post_id>46</wp:post_id>
		<wp:post_date><![CDATA[2018-03-04 16:10:12]]></wp:post_date>
		<wp:post_date_gmt><![CDATA[2018-03-04 15:10:12]]></wp:post_date_gmt>
		<wp:post_modified><![CDATA[2018-03-04 16:10:12]]></wp:post_modified>
		<wp:post_modified_gmt><![CDATA[2018-03-04 15:10:12]]></wp:post_modified_gmt>
		<wp:comment_status><![CDATA[open]]></wp:comment_status>
		<wp:ping_status><![CDATA[open]]></wp:ping_status>
		<wp:post_name><![CDATA[article-1]]></wp:post_name>
		<wp:status><![CDATA[publish]]></wp:status>
		<wp:post_parent>0</wp:post_parent>
		<wp:menu_order>0</wp:menu_order>
		<wp:post_type><![CDATA[post]]></wp:post_type>
		<wp:post_password><![CDATA[]]></wp:post_password>
		<wp:is_sticky>0</wp:is_sticky>
										<category domain="category" nicename="categorie-1"><![CDATA[Catégorie 1]]></category>
						<wp:postmeta>
		<wp:meta_key><![CDATA[_edit_last]]></wp:meta_key>
		<wp:meta_value><![CDATA[1]]></wp:meta_value>
		</wp:postmeta>
							</item>
					<item>
		<title><![CDATA[Article 2]]></title>
		<link>http://mdupont.dectim.net/pub/wp23/semaine_7/mon/nouveau/site/article-2/</link>
		<pubDate>Sun, 04 Mar 2018 15:09:44 +0000</pubDate>
		<dc:creator><![CDATA[mathieudupont]]></dc:creator>
		<guid isPermaLink="false">https://jfleblanc.dectim.ca/cours/cw4/semaine07/?p=14</guid>
		<description></description>
		<content:encoded><![CDATA[Contenu de l'Article 2]]></content:encoded>
		<excerpt:encoded><![CDATA[]]></excerpt:encoded>
		<wp:post_id>47</wp:post_id>
		<wp:post_date><![CDATA[2018-03-04 16:09:44]]></wp:post_date>
		<wp:post_date_gmt><![CDATA[2018-03-04 15:09:44]]></wp:post_date_gmt>
		<wp:post_modified><![CDATA[2018-03-04 16:09:44]]></wp:post_modified>
		<wp:post_modified_gmt><![CDATA[2018-03-04 15:09:44]]></wp:post_modified_gmt>
		<wp:comment_status><![CDATA[open]]></wp:comment_status>
		<wp:ping_status><![CDATA[open]]></wp:ping_status>
		<wp:post_name><![CDATA[article-2]]></wp:post_name>
		<wp:status><![CDATA[publish]]></wp:status>
		<wp:post_parent>0</wp:post_parent>
		<wp:menu_order>0</wp:menu_order>
		<wp:post_type><![CDATA[post]]></wp:post_type>
		<wp:post_password><![CDATA[]]></wp:post_password>
		<wp:is_sticky>0</wp:is_sticky>
										<category domain="category" nicename="categorie-2"><![CDATA[Catégorie 2]]></category>
						<wp:postmeta>
		<wp:meta_key><![CDATA[_wp_old_slug]]></wp:meta_key>
		<wp:meta_value><![CDATA[article-2__trashed]]></wp:meta_value>
		</wp:postmeta>
							<wp:postmeta>
		<wp:meta_key><![CDATA[_edit_last]]></wp:meta_key>
		<wp:meta_value><![CDATA[1]]></wp:meta_value>
		</wp:postmeta>
							</item>
					<item>
		<title><![CDATA[Article 3]]></title>
		<link>http://mdupont.dectim.net/pub/wp23/semaine_7/mon/nouveau/site/article-3/</link>
		<pubDate>Thu, 01 Mar 2018 16:10:00 +0000</pubDate>
		<dc:creator><![CDATA[mathieudupont]]></dc:creator>
		<guid isPermaLink="false">https://jfleblanc.dectim.ca/cours/cw4/semaine07/?p=16</guid>
		<description></description>
		<content:encoded><![CDATA[<p>Contenu de l'Article 3</p>

<!-- wp:paragraph -->
<p></p>
<!-- /wp:paragraph -->]]></content:encoded>
		<excerpt:encoded><![CDATA[]]></excerpt:encoded>
		<wp:post_id>48</wp:post_id>
		<wp:post_date><![CDATA[2018-03-01 16:10:00]]></wp:post_date>
		<wp:post_date_gmt><![CDATA[2018-03-01 16:10:00]]></wp:post_date_gmt>
		<wp:post_modified><![CDATA[2018-03-01 16:10:00]]></wp:post_modified>
		<wp:post_modified_gmt><![CDATA[2018-03-01 16:10:00]]></wp:post_modified_gmt>
		<wp:comment_status><![CDATA[open]]></wp:comment_status>
		<wp:ping_status><![CDATA[open]]></wp:ping_status>
		<wp:post_name><![CDATA[article-3]]></wp:post_name>
		<wp:status><![CDATA[publish]]></wp:status>
		<wp:post_parent>0</wp:post_parent>
		<wp:menu_order>0</wp:menu_order>
		<wp:post_type><![CDATA[post]]></wp:post_type>
		<wp:post_password><![CDATA[]]></wp:post_password>
		<wp:is_sticky>0</wp:is_sticky>
										<category domain="category" nicename="categorie-2"><![CDATA[Catégorie 2]]></category>
						<wp:postmeta>
		<wp:meta_key><![CDATA[_wp_old_date]]></wp:meta_key>
		<wp:meta_value><![CDATA[2018-03-11]]></wp:meta_value>
		</wp:postmeta>
							<wp:postmeta>
		<wp:meta_key><![CDATA[_edit_last]]></wp:meta_key>
		<wp:meta_value><![CDATA[1]]></wp:meta_value>
		</wp:postmeta>
							<wp:postmeta>
		<wp:meta_key><![CDATA[_wp_old_date]]></wp:meta_key>
		<wp:meta_value><![CDATA[2018-03-04]]></wp:meta_value>
		</wp:postmeta>
							</item>
				</channel>
</rss>
	